<?xml version="1.0" encoding="utf-8"?>
<osis xmlns:xsi="http://www.w3.org/2001/XMLSchema-instance" xsi:schemaLocation="http://www.bibletechnologies.net/2003/OSIS/namespace http://www.bibletechnologies.net/osisCore.2.1.1.xsd" xmlns="http://www.bibletechnologies.net/2003/OSIS/namespace">
  <osisText xml:lang="he" osisIDWork="WLC">
    <header>
      <revisionDesc resp="dt">
        <date>2008.08.08</date>
        <p>Convert the Westminster Leningrad Codex files from TEI markup to OSIS book files.</p>
      </revisionDesc>
      <work osisWork="WLC" xml:lang="he">
        <title>Westminster Leningrad Codex</title>
        <contributor role="edt">Daniel Owens</contributor>
        <contributor role="edt">David Troidl</contributor>
        <contributor role="edt">Christopher V. Kimball</contributor>
        <date>2007.9.16</date>
        <identifier type="URL">http://www.tanach.us/Tanach.xml</identifier>
        <rights>Public Domain</rights>
      </work>
      <work osisWork="BHS" xml:lang="he">
        <title>BHS unaccented with Strongs</title>
        <contributor role="edt">Joseph Planeta</contributor>
        <contributor role="edt">Rev. Graham Nind</contributor>
        <description>Unaccented Biblia Hebraica Stuttgartensia Hebrew with Strong's numbers by Rev. Graham.</description>
        <identifier type="URL">http://www.faithofgod.net/</identifier>
        <identifier type="URL">http://www.grahamnind.dsl.pipex.com/files</identifier>
        <rights>Public Domain</rights>
      </work>
      <work osisWork="Strong" xml:lang="en">
        <title>A Concise Dictionary of the Words in the Hebrew Bible</title>
        <title type="sub">with their Renderings in the King James Version</title>
        <contributor role="edt">David Troidl</contributor>
        <contributor role="edt">David Instone-Brewer</contributor>
        <creator role="edt">James Strong, LL.D., S.T.D.</creator>
        <date>1894</date>
        <description resp="dib">The data came from several PD sources which were full of errors. I cleaned them by comparing them to each other and (where necessary) looking at the original.</description>
        <publisher>Hunt &amp;amp; Eaton</publisher>
        <identifier type="URL">www.2LetterLookup.com</identifier>
        <source>The exhaustive concordance of the Bible:</source>
        <rights>Public Domain</rights>
      </work>
      <workPrefix path="//w/@lemma" osisWork="Strong" />
    </header>
    <div type="book" osisID="Jonah">
      <chapter osisID="Jonah.1">
        <verse osisID="Jonah.1.1">
          <w lemma="1961">וַֽ/יְהִי֙</w>
          <w lemma="1697">דְּבַר</w><seg type="x-maqqef">־</seg><w lemma="3068">יְהוָ֔ה</w>
          <w lemma="413">אֶל</w><seg type="x-maqqef">־</seg><w lemma="3124">יוֹנָ֥ה</w>
          <w lemma="1121">בֶן</w><seg type="x-maqqef">־</seg><w lemma="573">אֲמִתַּ֖י</w>
          <w lemma="559">לֵ/אמֹֽר</w><seg type="x-sof-pasuq">׃</seg> 
        </verse>
        <verse osisID="Jonah.1.2">
          <w lemma="6965">ק֠וּם</w>
          <w lemma="1980">לֵ֧ךְ</w>
          <w lemma="413">אֶל</w><seg type="x-maqqef">־</seg><w lemma="5210">נִֽינְוֵ֛ה</w>
          <w lemma="5892">הָ/עִ֥יר</w>
          <w lemma="1419">הַ/גְּדוֹלָ֖ה</w>
          <w lemma="7121">וּ/קְרָ֣א</w>
          <w lemma="5921">עָלֶ֑י/הָ</w>
          <w lemma="3588">כִּֽי</w><seg type="x-maqqef">־</seg><w lemma="5927">עָלְתָ֥ה</w>
          <w lemma="7451">רָעָתָ֖/ם</w>
          <w lemma="6440">לְ/פָנָֽ/י</w><seg type="x-sof-pasuq">׃</seg> 
        </verse>
        <verse osisID="Jonah.1.3">
          <w lemma="6965">וַ/יָּ֤קָם</w>
          <w lemma="3124">יוֹנָה֙</w>
          <w lemma="1272">לִ/בְרֹ֣חַ</w>
          <w lemma="8659">תַּרְשִׁ֔ישָׁ/ה</w>
          <w lemma="6440">מִ/לִּ/פְנֵ֖י</w>
          <w lemma="3068">יְהוָ֑ה</w>
          <w lemma="3381">וַ/יֵּ֨רֶד</w>
          <w lemma="3305">יָפ֜וֹ</w>
          <w lemma="4672">וַ/יִּמְצָ֥א</w>
          <w lemma="591">אָנִיָּ֣ה</w>
          <seg type="x-paseq">׀</seg> 
          <note>BHS has been faithful to the Leningrad Codex where there might be a question of the validity of the form and we keep the same form as BHS.</note>
          <w lemma="935">בָּאָ֣ה</w>
          <w lemma="8659">תַרְשִׁ֗ישׁ</w>
          <w lemma="5414">וַ/יִּתֵּ֨ן</w>
          <w lemma="7939">שְׂכָרָ֜/הּ</w>
          <w lemma="3381">וַ/יֵּ֤רֶד</w>
          <w>בָּ/הּ֙</w>
          <w lemma="935">לָ/ב֤וֹא</w>
          <w lemma="5973">עִמָּ/הֶם֙</w>
          <w lemma="8659">תַּרְשִׁ֔ישָׁ/ה</w>
          <w lemma="6440">מִ/לִּ/פְנֵ֖י</w>
          <w lemma="3068">יְהוָֽה</w><seg type="x-sof-pasuq">׃</seg> 
        </verse>
        <verse osisID="Jonah.1.4">
          <w lemma="3068">וַֽ/יהוָ֗ה</w>
          <w lemma="2904">הֵטִ֤יל</w>
          <w lemma="7307">רֽוּחַ</w><seg type="x-maqqef">־</seg><w lemma="1419">גְּדוֹלָה֙</w>
          <w lemma="413">אֶל</w><seg type="x-maqqef">־</seg><w lemma="3220">הַ/יָּ֔ם</w>
          <w lemma="1961">וַ/יְהִ֥י</w>
          <w lemma="5591">סַֽעַר</w><seg type="x-maqqef">־</seg><w lemma="1419">גָּד֖וֹל</w>
          <w lemma="3220">בַּ/יָּ֑ם</w>
          <w lemma="591">וְ/הָ֣/אֳנִיָּ֔ה</w>
          <w lemma="2803">חִשְּׁבָ֖ה</w>
          <w lemma="7665">לְ/הִשָּׁבֵֽר</w><seg type="x-sof-pasuq">׃</seg> 
        </verse>
        <verse osisID="Jonah.1.5">
          <w lemma="3372">וַ/יִּֽירְא֣וּ</w>
          <w lemma="4419">הַ/מַּלָּחִ֗ים</w>
          <w lemma="2199">וַֽ/יִּזְעֲקוּ֮</w>
          <w lemma="376">אִ֣ישׁ</w>
          <w lemma="413">אֶל</w><seg type="x-maqqef">־</seg><w lemma="430">אֱלֹהָי/ו֒</w>
          <w lemma="2904">וַ/יָּטִ֨לוּ</w>
          <w lemma="853">אֶת</w><seg type="x-maqqef">־</seg><w lemma="3627">הַ/כֵּלִ֜ים</w>
          <w lemma="834">אֲשֶׁ֤ר</w>
          <w lemma="591">בָּֽ/אֳנִיָּה֙</w>
          <w lemma="413">אֶל</w><seg type="x-maqqef">־</seg><w lemma="3220">הַ/יָּ֔ם</w>
          <w lemma="7043">לְ/הָקֵ֖ל</w>
          <w lemma="5921">מֵֽ/עֲלֵי/הֶ֑ם</w>
          <w lemma="3124">וְ/יוֹנָ֗ה</w>
          <w lemma="3381">יָרַד֙</w>
          <w lemma="413">אֶל</w><seg type="x-maqqef">־</seg><w lemma="3411">יַרְכְּתֵ֣י</w>
          <w lemma="5600">הַ/סְּפִינָ֔ה</w>
          <w lemma="7901">וַ/יִּשְׁכַּ֖ב</w>
          <w lemma="7290">וַ/יֵּרָדַֽם</w><seg type="x-sof-pasuq">׃</seg> 
        </verse>
        <verse osisID="Jonah.1.6">
          <w lemma="7126">וַ/יִּקְרַ֤ב</w>
          <w lemma="413">אֵלָי/ו֙</w>
          <w lemma="7227">רַ֣ב</w>
          <w lemma="2259">הַ/חֹבֵ֔ל</w>
          <w lemma="559">וַ/יֹּ֥אמֶר</w>
          <w>ל֖/וֹ</w>
          <w lemma="4100">מַה</w><seg type="x-maqqef">־</seg><w>לְּ/ךָ֣</w>
          <w lemma="7290">נִרְדָּ֑ם</w>
          <w lemma="6965">ק֚וּם</w>
          <w lemma="7121">קְרָ֣א</w>
          <w lemma="413">אֶל</w><seg type="x-maqqef">־</seg><w lemma="430">אֱלֹהֶ֔י/ךָ</w>
          <w lemma="194">אוּלַ֞י</w>
          <w lemma="6245">יִתְעַשֵּׁ֧ת</w>
          <w lemma="430">הָ/אֱלֹהִ֛ים</w>
          <w>לָ֖/נוּ</w>
          <w lemma="3808">וְ/לֹ֥א</w>
          <w lemma="6">נֹאבֵֽד</w><seg type="x-sof-pasuq">׃</seg> 
        </verse>
        <verse osisID="Jonah.1.7">
          <w lemma="559">וַ/יֹּאמְר֞וּ</w>
          <w lemma="376">אִ֣ישׁ</w>
          <w lemma="413">אֶל</w><seg type="x-maqqef">־</seg><w lemma="7453">רֵעֵ֗/הוּ</w>
          <w lemma="1980">לְכוּ֙</w>
          <w lemma="5307">וְ/נַפִּ֣ילָה</w>
          <w lemma="1486">גֽוֹרָל֔וֹת</w>
          <w lemma="3045">וְ/נֵ֣דְעָ֔ה</w>
          <w lemma="7945">בְּ/שֶׁלְּ/מִ֛י</w>
          <w lemma="7451">הָ/רָעָ֥ה</w>
          <w lemma="2063">הַ/זֹּ֖את</w>
          <w>לָ֑/נוּ</w>
          <w lemma="5307">וַ/יַּפִּ֙לוּ֙</w>
          <w lemma="1486">גּֽוֹרָל֔וֹת</w>
          <w lemma="5307">וַ/יִּפֹּ֥ל</w>
          <w lemma="1486">הַ/גּוֹרָ֖ל</w>
          <w lemma="5921">עַל</w><seg type="x-maqqef">־</seg><w lemma="3124">יוֹנָֽה</w><seg type="x-sof-pasuq">׃</seg> 
        </verse>
        <verse osisID="Jonah.1.8">
          <w lemma="559">וַ/יֹּאמְר֣וּ</w>
          <w lemma="413">אֵלָ֔י/ו</w>
          <w lemma="5046">הַגִּידָ/ה</w><seg type="x-maqqef">־</seg><w lemma="4994">נָּ֣א</w>
          <w>לָ֔/נוּ</w>
          <w lemma="834">בַּ/אֲשֶׁ֛ר</w>
          <w lemma="4310">לְ/מִי</w><seg type="x-maqqef">־</seg><w lemma="7451">הָ/רָעָ֥ה</w>
          <w lemma="2063">הַ/זֹּ֖את</w>
          <w>לָ֑/נוּ</w>
          <w lemma="4100">מַה</w><seg type="x-maqqef">־</seg><w lemma="4399">מְּלַאכְתְּ/ךָ֙</w>
          <w lemma="370">וּ/מֵ/אַ֣יִן</w>
          <w lemma="935">תָּב֔וֹא</w>
          <w lemma="4100">מָ֣ה</w>
          <w lemma="776">אַרְצֶ֔/ךָ</w>
          <w lemma="335">וְ/אֵֽי</w><seg type="x-maqqef">־</seg><w lemma="2088">מִ/זֶּ֥ה</w>
          <w lemma="5971">עַ֖ם</w>
          <w lemma="859">אָֽתָּה</w><seg type="x-sof-pasuq">׃</seg> 
        </verse>
        <verse osisID="Jonah.1.9">
          <w lemma="559">וַ/יֹּ֥אמֶר</w>
          <w lemma="413">אֲלֵי/הֶ֖ם</w>
          <w lemma="5680">עִבְרִ֣י</w>
          <w lemma="595">אָנֹ֑כִי</w>
          <w lemma="853">וְ/אֶת</w><seg type="x-maqqef">־</seg><w lemma="3068">יְהוָ֞ה</w>
          <w lemma="430">אֱלֹהֵ֤י</w>
          <w lemma="8064">הַ/שָּׁמַ֙יִם֙</w>
          <w lemma="589">אֲנִ֣י</w>
          <w lemma="3373">יָרֵ֔א</w>
          <w lemma="834">אֲשֶׁר</w><seg type="x-maqqef">־</seg><w lemma="6213">עָשָׂ֥ה</w>
          <w lemma="853">אֶת</w><seg type="x-maqqef">־</seg><w lemma="3220">הַ/יָּ֖ם</w>
          <w lemma="853">וְ/אֶת</w><seg type="x-maqqef">־</seg><w lemma="3004">הַ/יַּבָּשָֽׁה</w><seg type="x-sof-pasuq">׃</seg> 
        </verse>
        <verse osisID="Jonah.1.10">
          <w lemma="3372">וַ/יִּֽירְא֤וּ</w>
          <w lemma="582">הָֽ/אֲנָשִׁים֙</w>
          <w lemma="3373">יִרְאָ֣ה</w>
          <w lemma="1419">גְדוֹלָ֔ה</w>
          <w lemma="559">וַ/יֹּאמְר֥וּ</w>
          <w lemma="413">אֵלָ֖י/ו</w>
          <w lemma="4100">מַה</w><seg type="x-maqqef">־</seg><w lemma="2063">זֹּ֣את</w>
          <w lemma="6213">עָשִׂ֑יתָ</w>
          <w lemma="3588">כִּֽי</w><seg type="x-maqqef">־</seg><w lemma="3045">יָדְע֣וּ</w>
          <w lemma="582">הָ/אֲנָשִׁ֗ים</w>
          <w lemma="3588">כִּֽי</w><seg type="x-maqqef">־</seg><w lemma="6440">מִ/לִּ/פְנֵ֤י</w>
          <w lemma="3068">יְהוָה֙</w>
          <w lemma="1931">ה֣וּא</w>
          <w lemma="1272">בֹרֵ֔חַ</w>
          <w lemma="3588">כִּ֥י</w>
          <w lemma="5046">הִגִּ֖יד</w>
          <w lemma="1992">לָ/הֶֽם</w><seg type="x-sof-pasuq">׃</seg> 
        </verse>
        <verse osisID="Jonah.1.11">
          <w lemma="559">וַ/יֹּאמְר֤וּ</w>
          <w lemma="413">אֵלָי/ו֙</w>
          <w lemma="4100">מַה</w><seg type="x-maqqef">־</seg><w lemma="6213">נַּ֣עֲשֶׂה</w>
          <w>לָּ֔/ךְ</w>
          <w lemma="8367">וְ/יִשְׁתֹּ֥ק</w>
          <w lemma="3220">הַ/יָּ֖ם</w>
          <w lemma="5921">מֵֽ/עָלֵ֑י/נוּ</w>
          <w lemma="3588">כִּ֥י</w>
          <w lemma="3220">הַ/יָּ֖ם</w>
          <w lemma="1980">הוֹלֵ֥ךְ</w>
          <w lemma="5590">וְ/סֹעֵֽר</w><seg type="x-sof-pasuq">׃</seg> 
        </verse>
        <verse osisID="Jonah.1.12">
          <w lemma="559">וַ/יֹּ֣אמֶר</w>
          <w lemma="413">אֲלֵי/הֶ֗ם</w>
          <w lemma="5375">שָׂא֙וּ/נִי֙</w>
          <w lemma="2904">וַ/הֲטִילֻ֣/נִי</w>
          <w lemma="413">אֶל</w><seg type="x-maqqef">־</seg><w lemma="3220">הַ/יָּ֔ם</w>
          <w lemma="8367">וְ/יִשְׁתֹּ֥ק</w>
          <w lemma="3220">הַ/יָּ֖ם</w>
          <w lemma="5921">מֵֽ/עֲלֵי/כֶ֑ם</w>
          <w lemma="3588">כִּ֚י</w>
          <w lemma="3045">יוֹדֵ֣עַ</w>
          <w lemma="589">אָ֔נִי</w>
          <w lemma="3588">כִּ֣י</w>
          <w lemma="7945">בְ/שֶׁלִּ֔/י</w>
          <w lemma="5591">הַ/סַּ֧עַר</w>
          <w lemma="1419">הַ/גָּד֛וֹל</w>
          <w lemma="2088">הַ/זֶּ֖ה</w>
          <w lemma="5921">עֲלֵי/כֶֽם</w><seg type="x-sof-pasuq">׃</seg> 
        </verse>
        <verse osisID="Jonah.1.13">
          <w lemma="2864">וַ/יַּחְתְּר֣וּ</w>
          <w lemma="582">הָ/אֲנָשִׁ֗ים</w>
          <w lemma="7725">לְ/הָשִׁ֛יב</w>
          <w lemma="413">אֶל</w><seg type="x-maqqef">־</seg><w lemma="3004">הַ/יַּבָּשָׁ֖ה</w>
          <w lemma="3808">וְ/לֹ֣א</w>
          <w lemma="3201">יָכֹ֑לוּ</w>
          <w lemma="3588">כִּ֣י</w>
          <w lemma="3220">הַ/יָּ֔ם</w>
          <w lemma="1980">הוֹלֵ֥ךְ</w>
          <w lemma="5590">וְ/סֹעֵ֖ר</w>
          <w lemma="5921">עֲלֵי/הֶֽם</w><seg type="x-sof-pasuq">׃</seg> 
        </verse>
        <verse osisID="Jonah.1.14">
          <w lemma="7121">וַ/יִּקְרְא֨וּ</w>
          <w lemma="413">אֶל</w><seg type="x-maqqef">־</seg><w lemma="3068">יְהוָ֜ה</w>
          <w lemma="559">וַ/יֹּאמְר֗וּ</w>
          <w lemma="577">אָנָּ֤ה</w>
          <w lemma="3068">יְהוָה֙</w>
          <w lemma="408">אַל</w><seg type="x-maqqef">־</seg><w lemma="4994">נָ֣א</w>
          <w lemma="6">נֹאבְדָ֗ה</w>
          <w lemma="5315">בְּ/נֶ֙פֶשׁ֙</w>
          <w lemma="376">הָ/אִ֣ישׁ</w>
          <w lemma="2088">הַ/זֶּ֔ה</w>
          <w lemma="408">וְ/אַל</w><seg type="x-maqqef">־</seg><w lemma="5414">תִּתֵּ֥ן</w>
          <w lemma="5921">עָלֵ֖י/נוּ</w>
          <w lemma="1818">דָּ֣ם</w>
          <w lemma="5355">נָקִ֑יא</w>
          <w lemma="3588">כִּֽי</w><seg type="x-maqqef">־</seg><w lemma="859">אַתָּ֣ה</w>
          <w lemma="3068">יְהוָ֔ה</w>
          <w lemma="834">כַּ/אֲשֶׁ֥ר</w>
          <w lemma="2654">חָפַ֖צְתָּ</w>
          <w lemma="6213">עָשִֽׂיתָ</w><seg type="x-sof-pasuq">׃</seg> 
        </verse>
        <verse osisID="Jonah.1.15">
          <w lemma="5375">וַ/יִּשְׂאוּ֙</w>
          <w lemma="853">אֶת</w><seg type="x-maqqef">־</seg><w lemma="3124">יוֹנָ֔ה</w>
          <w lemma="2904">וַ/יְטִלֻ֖/הוּ</w>
          <w lemma="413">אֶל</w><seg type="x-maqqef">־</seg><w lemma="3220">הַ/יָּ֑ם</w>
          <w lemma="5975">וַ/יַּעֲמֹ֥ד</w>
          <w lemma="3220">הַ/יָּ֖ם</w>
          <w lemma="2197">מִ/זַּעְפּֽ/וֹ</w><seg type="x-sof-pasuq">׃</seg> 
        </verse>
        <verse osisID="Jonah.1.16">
          <w lemma="3372">וַ/יִּֽירְא֧וּ</w>
          <w lemma="376">הָ/אֲנָשִׁ֛ים</w>
          <w lemma="3373">יִרְאָ֥ה</w>
          <w lemma="1419">גְדוֹלָ֖ה</w>
          <w lemma="853">אֶת</w><seg type="x-maqqef">־</seg><w lemma="3068">יְהוָ֑ה</w>
          <w lemma="2076">וַ/יִּֽזְבְּחוּ</w><seg type="x-maqqef">־</seg><w lemma="2077">זֶ֙בַח֙</w>
          <w lemma="3068">לַֽ/יהוָ֔ה</w>
          <w lemma="5087">וַֽ/יִּדְּר֖וּ</w>
          <w lemma="5088">נְדָרִֽים</w><seg type="x-sof-pasuq">׃</seg> 
        </verse>
      </chapter>
      <chapter osisID="Jonah.2">
        <verse osisID="Jonah.2.1">
          <note>BHS:Jonah.1.17</note>
          <w lemma="4487">וַ/יְמַ֤ן</w>
          <w lemma="3068">יְהוָה֙</w>
          <w lemma="1709">דָּ֣ג</w>
          <w lemma="1419">גָּד֔וֹל</w>
          <w lemma="1104">לִ/בְלֹ֖עַ</w>
          <w lemma="853">אֶת</w><seg type="x-maqqef">־</seg><w lemma="3124">יוֹנָ֑ה</w>
          <w lemma="1961">וַ/יְהִ֤י</w>
          <w lemma="3124">יוֹנָה֙</w>
          <w lemma="4578">בִּ/מְעֵ֣י</w>
          <w lemma="1709">הַ/דָּ֔ג</w>
          <w lemma="7969">שְׁלֹשָׁ֥ה</w>
          <w lemma="3117">יָמִ֖ים</w>
          <w lemma="7969">וּ/שְׁלֹשָׁ֥ה</w>
          <w lemma="3915">לֵילֽוֹת</w><seg type="x-sof-pasuq">׃</seg> 
        </verse>
        <verse osisID="Jonah.2.2">
          <note>BHS:Jonah.2.1</note>
          <w lemma="6419">וַ/יִּתְפַּלֵּ֣ל</w>
          <w lemma="3124">יוֹנָ֔ה</w>
          <w lemma="413">אֶל</w><seg type="x-maqqef">־</seg><w lemma="3068">יְהוָ֖ה</w>
          <w lemma="430">אֱלֹהָ֑י/ו</w>
          <w lemma="4578">מִ/מְּעֵ֖י</w>
          <w lemma="1710">הַ/דָּגָֽה</w><seg type="x-sof-pasuq">׃</seg> 
        </verse>
        <verse osisID="Jonah.2.3">
          <note>BHS:Jonah.2.2</note>
          <w lemma="559">וַ/יֹּ֗אמֶר</w>
          <w lemma="7121">קָ֠רָאתִי</w>
          <w lemma="6869">מִ/צָּ֥רָה</w>
          <w>לִ֛/י</w>
          <w lemma="413">אֶל</w><seg type="x-maqqef">־</seg><w lemma="3068">יְהוָ֖ה</w>
          <w lemma="6030">וַֽ/יַּעֲנֵ֑/נִי</w>
          <w lemma="990">מִ/בֶּ֧טֶן</w>
          <w lemma="7585">שְׁא֛וֹל</w>
          <w lemma="7768">שִׁוַּ֖עְתִּי</w>
          <w lemma="8085">שָׁמַ֥עְתָּ</w>
          <w lemma="6963">קוֹלִֽ/י</w><seg type="x-sof-pasuq">׃</seg> 
        </verse>
        <verse osisID="Jonah.2.4">
          <note>BHS:Jonah.2.3</note>
          <w lemma="7993">וַ/תַּשְׁלִיכֵ֤/נִי</w>
          <w lemma="4688">מְצוּלָה֙</w>
          <w lemma="3824">בִּ/לְבַ֣ב</w>
          <w lemma="3220">יַמִּ֔ים</w>
          <w lemma="5104">וְ/נָהָ֖ר</w>
          <w lemma="5437">יְסֹבְבֵ֑/נִי</w>
          <w lemma="3605">כָּל</w><seg type="x-maqqef">־</seg><w lemma="4867">מִשְׁבָּרֶ֥י/ךָ</w>
          <w lemma="1530">וְ/גַלֶּ֖י/ךָ</w>
          <w lemma="5921">עָלַ֥/י</w>
          <w lemma="5674">עָבָֽרוּ</w><seg type="x-sof-pasuq">׃</seg> 
        </verse>
        <verse osisID="Jonah.2.5">
          <note>BHS:Jonah.2.4</note>
          <w lemma="589">וַ/אֲנִ֣י</w>
          <w lemma="559">אָמַ֔רְתִּי</w>
          <w lemma="1644">נִגְרַ֖שְׁתִּי</w>
          <w lemma="5048">מִ/נֶּ֣גֶד</w>
          <w lemma="5869">עֵינֶ֑י/ךָ</w>
          <w lemma="389">אַ֚ךְ</w>
          <w lemma="3254">אוֹסִ֣יף</w>
          <w lemma="5027">לְ/הַבִּ֔יט</w>
          <w lemma="413">אֶל</w><seg type="x-maqqef">־</seg><w lemma="1964">הֵיכַ֖ל</w>
          <w lemma="6944">קָדְשֶֽׁ/ךָ</w><seg type="x-sof-pasuq">׃</seg> 
        </verse>
        <verse osisID="Jonah.2.6">
          <note>BHS:Jonah.2.5</note>
          <w lemma="661">אֲפָפ֤וּ/נִי</w>
          <w lemma="4325">מַ֙יִם֙</w>
          <w lemma="5704">עַד</w><seg type="x-maqqef">־</seg><w lemma="5315">נֶ֔פֶשׁ</w>
          <w lemma="8415">תְּה֖וֹם</w>
          <w lemma="5437">יְסֹבְבֵ֑/נִי</w>
          <w lemma="5488">ס֖וּף</w>
          <w lemma="2280">חָב֥וּשׁ</w>
          <w lemma="7218">לְ/רֹאשִֽׁ/י</w><seg type="x-sof-pasuq">׃</seg> 
        </verse>
        <verse osisID="Jonah.2.7">
          <note>BHS:Jonah.2.6</note>
          <w lemma="7095">לְ/קִצְבֵ֤י</w>
          <w lemma="2022">הָרִים֙</w>
          <w lemma="3381">יָרַ֔דְתִּי</w>
          <w lemma="776">הָ/אָ֛רֶץ</w>
          <w lemma="1280">בְּרִחֶ֥י/הָ</w>
          <w lemma="1157">בַעֲדִ֖/י</w>
          <w lemma="5769">לְ/עוֹלָ֑ם</w>
          <w lemma="5927">וַ/תַּ֧עַל</w>
          <w lemma="7845">מִ/שַּׁ֛חַת</w>
          <w lemma="2416">חַיַּ֖/י</w>
          <w lemma="3068">יְהוָ֥ה</w>
          <w lemma="430">אֱלֹהָֽ/י</w><seg type="x-sof-pasuq">׃</seg> 
        </verse>
        <verse osisID="Jonah.2.8">
          <note>BHS:Jonah.2.7</note>
          <w lemma="5848">בְּ/הִתְעַטֵּ֤ף</w>
          <w lemma="5921">עָלַ/י֙</w>
          <w lemma="5315">נַפְשִׁ֔/י</w>
          <w lemma="853">אֶת</w><seg type="x-maqqef">־</seg><w lemma="3068">יְהוָ֖ה</w>
          <w lemma="2142">זָכָ֑רְתִּי</w>
          <w lemma="935">וַ/תָּב֤וֹא</w>
          <w lemma="413">אֵלֶ֙י/ךָ֙</w>
          <w lemma="8605">תְּפִלָּתִ֔/י</w>
          <w lemma="413">אֶל</w><seg type="x-maqqef">־</seg><w lemma="1964">הֵיכַ֖ל</w>
          <w lemma="6944">קָדְשֶֽׁ/ךָ</w><seg type="x-sof-pasuq">׃</seg> 
        </verse>
        <verse osisID="Jonah.2.9">
          <note>BHS:Jonah.2.8</note>
          <w lemma="8104">מְשַׁמְּרִ֖ים</w>
          <w lemma="1892">הַבְלֵי</w><seg type="x-maqqef">־</seg><w lemma="7723">שָׁ֑וְא</w>
          <w lemma="2617">חַסְדָּ֖/ם</w>
          <w lemma="5800">יַעֲזֹֽבוּ</w><seg type="x-sof-pasuq">׃</seg> 
        </verse>
        <verse osisID="Jonah.2.10">
          <note>BHS:Jonah.2.9</note>
          <w lemma="589">וַ/אֲנִ֗י</w>
          <w lemma="6963">בְּ/ק֤וֹל</w>
          <w lemma="8426">תּוֹדָה֙</w>
          <w lemma="2076">אֶזְבְּחָה</w><seg type="x-maqqef">־</seg><w>לָּ֔/ךְ</w>
          <w lemma="834">אֲשֶׁ֥ר</w>
          <w lemma="5087">נָדַ֖רְתִּי</w>
          <w lemma="7999">אֲשַׁלֵּ֑מָה</w>
          <w lemma="3444">יְשׁוּעָ֖תָ/ה</w>
          <w lemma="3068">לַ/יהוָֽה</w><seg type="x-sof-pasuq">׃</seg> 
          <seg type="x-samekh">ס</seg> 
        </verse>
        <verse osisID="Jonah.2.11">
          <note>BHS:Jonah.2.10</note>
          <w lemma="559">וַ/יֹּ֥אמֶר</w>
          <w lemma="3068">יְהוָ֖ה</w>
          <w lemma="1709">לַ/דָּ֑ג</w>
          <w lemma="6958">וַ/יָּקֵ֥א</w>
          <w lemma="853">אֶת</w><seg type="x-maqqef">־</seg><w lemma="3124">יוֹנָ֖ה</w>
          <w lemma="413">אֶל</w><seg type="x-maqqef">־</seg><w lemma="3004">הַ/יַּבָּשָֽׁה</w><seg type="x-sof-pasuq">׃</seg> 
          <seg type="x-pe">פ</seg>
        </verse>
      </chapter>
      <chapter osisID="Jonah.3">
        <verse osisID="Jonah.3.1">
          <w lemma="1961">וַ/יְהִ֧י</w>
          <w lemma="1697">דְבַר</w><seg type="x-maqqef">־</seg><w lemma="3068">יְהוָ֛ה</w>
          <w lemma="413">אֶל</w><seg type="x-maqqef">־</seg><w lemma="3124">יוֹנָ֖ה</w>
          <w lemma="8145">שֵׁנִ֥ית</w>
          <w lemma="559">לֵ/אמֹֽר</w><seg type="x-sof-pasuq">׃</seg> 
        </verse>
        <verse osisID="Jonah.3.2">
          <w lemma="6965">ק֛וּם</w>
          <w lemma="1980">לֵ֥ךְ</w>
          <w lemma="413">אֶל</w><seg type="x-maqqef">־</seg><w lemma="5210">נִֽינְוֵ֖ה</w>
          <w lemma="5892">הָ/עִ֣יר</w>
          <w lemma="1419">הַ/גְּדוֹלָ֑ה</w>
          <w lemma="7121">וִּ/קְרָ֤א</w>
          <w lemma="413">אֵלֶ֙י/הָ֙</w>
          <w lemma="853">אֶת</w><seg type="x-maqqef">־</seg><w lemma="7150">הַ/קְּרִיאָ֔ה</w>
          <w lemma="834">אֲשֶׁ֥ר</w>
          <w lemma="595">אָנֹכִ֖י</w>
          <w lemma="1696">דֹּבֵ֥ר</w>
          <w lemma="413">אֵלֶֽי/ךָ</w><seg type="x-sof-pasuq">׃</seg> 
        </verse>
        <verse osisID="Jonah.3.3">
          <w lemma="6965">וַ/יָּ֣קָם</w>
          <w lemma="3124">יוֹנָ֗ה</w>
          <w lemma="1980">וַ/יֵּ֛לֶךְ</w>
          <w lemma="413">אֶל</w><seg type="x-maqqef">־</seg><w lemma="5210">נִֽינְוֶ֖ה</w>
          <note>BHS has been faithful to the Leningrad Codex where there might be a question of the validity of the form and we keep the same form as BHS.</note>
          <w lemma="1697">כִּ/דְבַ֣ר</w>
          <w lemma="3068">יְהוָ֑ה</w>
          <w lemma="5210">וְ/נִֽינְוֵ֗ה</w>
          <w lemma="1961">הָיְתָ֤ה</w>
          <w lemma="5892">עִיר</w><seg type="x-maqqef">־</seg><w lemma="1419">גְּדוֹלָה֙</w>
          <w lemma="430">לֵֽ/אלֹהִ֔ים</w>
          <w lemma="4109">מַהֲלַ֖ךְ</w>
          <w lemma="7969">שְׁלֹ֥שֶׁת</w>
          <w lemma="3117">יָמִֽים</w><seg type="x-sof-pasuq">׃</seg> 
        </verse>
        <verse osisID="Jonah.3.4">
          <w lemma="2490">וַ/יָּ֤חֶל</w>
          <w lemma="3124">יוֹנָה֙</w>
          <w lemma="935">לָ/ב֣וֹא</w>
          <w lemma="5892">בָ/עִ֔יר</w>
          <w lemma="4109">מַהֲלַ֖ךְ</w>
          <w lemma="3117">י֣וֹם</w>
          <w lemma="259">אֶחָ֑ד</w>
          <w lemma="7121">וַ/יִּקְרָא֙</w>
          <w lemma="559">וַ/יֹּאמַ֔ר</w>
          <w lemma="5750">ע֚וֹד</w>
          <w lemma="705">אַרְבָּעִ֣ים</w>
          <w lemma="3117">י֔וֹם</w>
          <w lemma="5210">וְ/נִֽינְוֵ֖ה</w>
          <w lemma="2015">נֶהְפָּֽכֶת</w><seg type="x-sof-pasuq">׃</seg> 
        </verse>
        <verse osisID="Jonah.3.5">
          <w lemma="539">וַֽ/יַּאֲמִ֛ינוּ</w>
          <w lemma="376">אַנְשֵׁ֥י</w>
          <w lemma="5210">נִֽינְוֵ֖ה</w>
          <w lemma="430">בֵּֽ/אלֹהִ֑ים</w>
          <w lemma="7121">וַ/יִּקְרְאוּ</w><seg type="x-maqqef">־</seg><w lemma="6685">צוֹם֙</w>
          <w lemma="3847">וַ/יִּלְבְּשׁ֣וּ</w>
          <w lemma="8242">שַׂקִּ֔ים</w>
          <w lemma="1419">מִ/גְּדוֹלָ֖/ם</w>
          <w lemma="5704">וְ/עַד</w><seg type="x-maqqef">־</seg><w lemma="6996">קְטַנָּֽ/ם</w><seg type="x-sof-pasuq">׃</seg> 
        </verse>
        <verse osisID="Jonah.3.6">
          <w lemma="5060">וַ/יִּגַּ֤ע</w>
          <w lemma="1697">הַ/דָּבָר֙</w>
          <w lemma="413">אֶל</w><seg type="x-maqqef">־</seg><w lemma="4428">מֶ֣לֶך</w>
          <note>BHS has been faithful to the Leningrad Codex where there might be a question of the validity of the form and we keep the same form as BHS.</note>
          <w lemma="5210">נִֽינְוֵ֔ה</w>
          <w lemma="6965">וַ/יָּ֙קָם֙</w>
          <w lemma="3678">מִ/כִּסְא֔/וֹ</w>
          <w lemma="5674">וַ/יַּעֲבֵ֥ר</w>
          <w lemma="155">אַדַּרְתּ֖/וֹ</w>
          <w lemma="5921">מֵֽ/עָלָ֑י/ו</w>
          <w lemma="3680">וַ/יְכַ֣ס</w>
          <w lemma="8242">שַׂ֔ק</w>
          <w lemma="3427">וַ/יֵּ֖שֶׁב</w>
          <w lemma="5921">עַל</w><seg type="x-maqqef">־</seg><w lemma="665">הָ/אֵֽפֶר</w><seg type="x-sof-pasuq">׃</seg> 
        </verse>
        <verse osisID="Jonah.3.7">
          <w lemma="2199">וַ/יַּזְעֵ֗ק</w>
          <w lemma="559">וַ/יֹּ֙אמֶר֙</w>
          <w lemma="5210">בְּ/נִֽינְוֵ֔ה</w>
          <w lemma="2940">מִ/טַּ֧עַם</w>
          <w lemma="4428">הַ/מֶּ֛לֶךְ</w>
          <w lemma="1419">וּ/גְדֹלָ֖י/ו</w>
          <w lemma="559">לֵ/אמֹ֑ר</w>
          <w lemma="120">הָ/אָדָ֨ם</w>
          <w lemma="929">וְ/הַ/בְּהֵמָ֜ה</w>
          <w lemma="1241">הַ/בָּקָ֣ר</w>
          <w lemma="6629">וְ/הַ/צֹּ֗אן</w>
          <w lemma="408">אַֽל</w><seg type="x-maqqef">־</seg><w lemma="2938">יִטְעֲמוּ֙</w>
          <w lemma="3972">מְא֔וּמָה</w>
          <w lemma="408">אַ֨ל</w><seg type="x-maqqef">־</seg><w lemma="7462">יִרְע֔וּ</w>
          <note>We read or understand L differently than BHS (1983 Edition). Often this notation indicates a typographical error in BHS.</note>
          <w lemma="4325">וּ/מַ֖יִם</w>
          <w lemma="408">אַל</w><seg type="x-maqqef">־</seg><w lemma="8354">יִשְׁתּֽוּ</w><seg type="x-sof-pasuq">׃</seg> 
        </verse>
        <verse osisID="Jonah.3.8">
          <w lemma="3680">וְ/יִתְכַּסּ֣וּ</w>
          <w lemma="8242">שַׂקִּ֗ים</w>
          <w lemma="120">הָֽ/אָדָם֙</w>
          <w lemma="929">וְ/הַ/בְּהֵמָ֔ה</w>
          <w lemma="7121">וְ/יִקְרְא֥וּ</w>
          <w lemma="413">אֶל</w><seg type="x-maqqef">־</seg><w lemma="430">אֱלֹהִ֖ים</w>
          <w lemma="2394">בְּ/חָזְקָ֑ה</w>
          <w lemma="7725">וְ/יָשֻׁ֗בוּ</w>
          <w lemma="376">אִ֚ישׁ</w>
          <w lemma="1870">מִ/דַּרְכּ֣/וֹ</w>
          <w lemma="7451">הָֽ/רָעָ֔ה</w>
          <w lemma="4480">וּ/מִן</w><seg type="x-maqqef">־</seg><w lemma="2555">הֶ/חָמָ֖ס</w>
          <w lemma="834">אֲשֶׁ֥ר</w>
          <w lemma="3709">בְּ/כַפֵּי/הֶֽם</w><seg type="x-sof-pasuq">׃</seg> 
        </verse>
        <verse osisID="Jonah.3.9">
          <w lemma="4310">מִֽי</w><seg type="x-maqqef">־</seg><w lemma="3045">יוֹדֵ֣עַ</w>
          <w lemma="7725">יָשׁ֔וּב</w>
          <w lemma="5162">וְ/נִחַ֖ם</w>
          <w lemma="430">הָ/אֱלֹהִ֑ים</w>
          <w lemma="7725">וְ/שָׁ֛ב</w>
          <w lemma="2740">מֵ/חֲר֥וֹן</w>
          <w lemma="639">אַפּ֖/וֹ</w>
          <w lemma="3808">וְ/לֹ֥א</w>
          <w lemma="6">נֹאבֵֽד</w><seg type="x-sof-pasuq">׃</seg> 
        </verse>
        <verse osisID="Jonah.3.10">
          <w lemma="7200">וַ/יַּ֤רְא</w>
          <w lemma="430">הָֽ/אֱלֹהִים֙</w>
          <w lemma="853">אֶֽת</w><seg type="x-maqqef">־</seg><w lemma="4639">מַ֣עֲשֵׂי/הֶ֔ם</w>
          <w lemma="3588">כִּי</w><seg type="x-maqqef">־</seg><w lemma="7725">שָׁ֖בוּ</w>
          <w lemma="1870">מִ/דַּרְכָּ֣/ם</w>
          <w lemma="7451">הָ/רָעָ֑ה</w>
          <w lemma="5162">וַ/יִּנָּ֣חֶם</w>
          <w lemma="430">הָ/אֱלֹהִ֗ים</w>
          <w lemma="5921">עַל</w><seg type="x-maqqef">־</seg><w lemma="7451">הָ/רָעָ֛ה</w>
          <w lemma="834">אֲשֶׁר</w><seg type="x-maqqef">־</seg><w lemma="1696">דִּבֶּ֥ר</w>
          <w lemma="6213">לַ/עֲשׂוֹת</w><seg type="x-maqqef">־</seg><w lemma="1992">לָ/הֶ֖ם</w>
          <w lemma="3808">וְ/לֹ֥א</w>
          <w lemma="6213">עָשָֽׂה</w><seg type="x-sof-pasuq">׃</seg> 
        </verse>
      </chapter>
      <chapter osisID="Jonah.4">
        <verse osisID="Jonah.4.1">
          <w lemma="7489">וַ/יֵּ֥רַע</w>
          <w lemma="413">אֶל</w><seg type="x-maqqef">־</seg><w lemma="3124">יוֹנָ֖ה</w>
          <w lemma="7451">רָעָ֣ה</w>
          <w lemma="1419">גְדוֹלָ֑ה</w>
          <w lemma="2734">וַ/יִּ֖חַר</w>
          <w>לֽ/וֹ</w><seg type="x-sof-pasuq">׃</seg> 
        </verse>
        <verse osisID="Jonah.4.2">
          <w lemma="6419">וַ/יִּתְפַּלֵּ֨ל</w>
          <w lemma="413">אֶל</w><seg type="x-maqqef">־</seg><w lemma="3068">יְהוָ֜ה</w>
          <w lemma="559">וַ/יֹּאמַ֗ר</w>
          <w lemma="577">אָנָּ֤ה</w>
          <w lemma="3068">יְהוָה֙</w>
          <w lemma="3808">הֲ/לוֹא</w><seg type="x-maqqef">־</seg><w lemma="2088">זֶ֣ה</w>
          <w lemma="1697">דְבָרִ֗/י</w>
          <w lemma="5704">עַד</w><seg type="x-maqqef">־</seg><w lemma="1961">הֱיוֹתִ/י֙</w>
          <w lemma="5921">עַל</w><seg type="x-maqqef">־</seg><w lemma="127">אַדְמָתִ֔/י</w>
          <w lemma="5921">עַל</w><seg type="x-maqqef">־</seg><w lemma="3651">כֵּ֥ן</w>
          <w lemma="6923">קִדַּ֖מְתִּי</w>
          <w lemma="1272">לִ/בְרֹ֣חַ</w>
          <w lemma="8659">תַּרְשִׁ֑ישָׁ/ה</w>
          <w lemma="3588">כִּ֣י</w>
          <w lemma="3045">יָדַ֗עְתִּי</w>
          <w lemma="3588">כִּ֤י</w>
          <w lemma="859">אַתָּה֙</w>
          <w lemma="410">אֵֽל</w><seg type="x-maqqef">־</seg><w lemma="2587">חַנּ֣וּן</w>
          <w lemma="7349">וְ/רַח֔וּם</w>
          <w lemma="750">אֶ֤רֶךְ</w>
          <w lemma="639">אַפַּ֙יִם֙</w>
          <w lemma="7227">וְ/רַב</w><seg type="x-maqqef">־</seg><w lemma="2617">חֶ֔סֶד</w>
          <w lemma="5162">וְ/נִחָ֖ם</w>
          <w lemma="5921">עַל</w><seg type="x-maqqef">־</seg><w lemma="7451">הָ/רָעָֽה</w><seg type="x-sof-pasuq">׃</seg> 
        </verse>
        <verse osisID="Jonah.4.3">
          <w lemma="6258">וְ/עַתָּ֣ה</w>
          <w lemma="3068">יְהוָ֔ה</w>
          <w lemma="3947">קַח</w><seg type="x-maqqef">־</seg><w lemma="4994">נָ֥א</w>
          <w lemma="853">אֶת</w><seg type="x-maqqef">־</seg><w lemma="5315">נַפְשִׁ֖/י</w>
          <w lemma="4480">מִמֶּ֑/נִּי</w>
          <w lemma="3588">כִּ֛י</w>
          <w lemma="2896">ט֥וֹב</w>
          <w lemma="4194">מוֹתִ֖/י</w>
          <w lemma="2416">מֵ/חַיָּֽ/י</w><seg type="x-sof-pasuq">׃</seg> 
          <seg type="x-samekh">ס</seg> 
        </verse>
        <verse osisID="Jonah.4.4">
          <w lemma="559">וַ/יֹּ֣אמֶר</w>
          <w lemma="3068">יְהוָ֔ה</w>
          <w lemma="3190">הַ/הֵיטֵ֖ב</w>
          <w lemma="2734">חָ֥רָה</w>
          <w>לָֽ/ךְ</w><seg type="x-sof-pasuq">׃</seg> 
        </verse>
        <verse osisID="Jonah.4.5">
          <w lemma="3318">וַ/יֵּצֵ֤א</w>
          <w lemma="3124">יוֹנָה֙</w>
          <w lemma="4480">מִן</w><seg type="x-maqqef">־</seg><w lemma="5892">הָ/עִ֔יר</w>
          <w lemma="3427">וַ/יֵּ֖שֶׁב</w>
          <w lemma="6924">מִ/קֶּ֣דֶם</w>
          <w lemma="5892">לָ/עִ֑יר</w>
          <w lemma="6213">וַ/יַּעַשׂ֩</w>
          <w>ל֨/וֹ</w>
          <w lemma="8033">שָׁ֜ם</w>
          <w lemma="5521">סֻכָּ֗ה</w>
          <w lemma="3427">וַ/יֵּ֤שֶׁב</w>
          <w lemma="8478">תַּחְתֶּ֙י/הָ֙</w>
          <w lemma="6738">בַּ/צֵּ֔ל</w>
          <w lemma="5704">עַ֚ד</w>
          <w lemma="834">אֲשֶׁ֣ר</w>
          <w lemma="7200">יִרְאֶ֔ה</w>
          <w lemma="4100">מַה</w><seg type="x-maqqef">־</seg><w lemma="1961">יִּהְיֶ֖ה</w>
          <w lemma="5892">בָּ/עִֽיר</w><seg type="x-sof-pasuq">׃</seg> 
        </verse>
        <verse osisID="Jonah.4.6">
          <w lemma="4487">וַ/יְמַ֣ן</w>
          <w lemma="3068">יְהוָֽה</w><seg type="x-maqqef">־</seg><w lemma="430">אֱ֠לֹהִים</w>
          <w lemma="7021">קִיקָי֞וֹן</w>
          <w lemma="5927">וַ/יַּ֣עַל</w>
          <seg type="x-paseq">׀</seg> 
          <w lemma="5921">מֵ/עַ֣ל</w>
          <w lemma="3124">לְ/יוֹנָ֗ה</w>
          <w lemma="1961">לִֽ/הְי֥וֹת</w>
          <w lemma="6738">צֵל֙</w>
          <w lemma="5921">עַל</w><seg type="x-maqqef">־</seg><w lemma="7218">רֹאשׁ֔/וֹ</w>
          <w lemma="5337">לְ/הַצִּ֥יל</w>
          <w>ל֖/וֹ</w>
          <w lemma="7451">מֵ/רָֽעָת֑/וֹ</w>
          <w lemma="8055">וַ/יִּשְׂמַ֥ח</w>
          <w lemma="3124">יוֹנָ֛ה</w>
          <w lemma="5921">עַל</w><seg type="x-maqqef">־</seg><w lemma="7021">הַ/קִּֽיקָי֖וֹן</w>
          <w lemma="8056">שִׂמְחָ֥ה</w>
          <w lemma="1419">גְדוֹלָֽה</w><seg type="x-sof-pasuq">׃</seg> 
        </verse>
        <verse osisID="Jonah.4.7">
          <w lemma="4487">וַ/יְמַ֤ן</w>
          <w lemma="430">הָֽ/אֱלֹהִים֙</w>
          <w lemma="8438">תּוֹלַ֔עַת</w>
          <w lemma="5927">בַּ/עֲל֥וֹת</w>
          <w lemma="7837">הַ/שַּׁ֖חַר</w>
          <w lemma="4283">לַֽ/מָּחֳרָ֑ת</w>
          <w lemma="5221">וַ/תַּ֥ךְ</w>
          <w lemma="853">אֶת</w><seg type="x-maqqef">־</seg><w lemma="7021">הַ/קִּֽיקָי֖וֹן</w>
          <w lemma="3001">וַ/יִּיבָֽשׁ</w><seg type="x-sof-pasuq">׃</seg> 
        </verse>
        <verse osisID="Jonah.4.8">
          <w lemma="1961">וַ/יְהִ֣י</w>
          <seg type="x-paseq">׀</seg> 
          <w lemma="2224">כִּ/זְרֹ֣חַ</w>
          <w lemma="8121">הַ/שֶּׁ֗מֶשׁ</w>
          <w lemma="4487">וַ/יְמַ֨ן</w>
          <w lemma="430">אֱלֹהִ֜ים</w>
          <w lemma="7307">ר֤וּחַ</w>
          <w lemma="6921">קָדִים֙</w>
          <w lemma="2759">חֲרִישִׁ֔ית</w>
          <w lemma="5221">וַ/תַּ֥ךְ</w>
          <w lemma="8121">הַ/שֶּׁ֛מֶשׁ</w>
          <w lemma="5921">עַל</w><seg type="x-maqqef">־</seg><w lemma="7218">רֹ֥אשׁ</w>
          <w lemma="3124">יוֹנָ֖ה</w>
          <w lemma="5968">וַ/יִּתְעַלָּ֑ף</w>
          <w lemma="7592">וַ/יִּשְׁאַ֤ל</w>
          <w lemma="853">אֶת</w><seg type="x-maqqef">־</seg><w lemma="5315">נַפְשׁ/וֹ֙</w>
          <w lemma="4191">לָ/מ֔וּת</w>
          <w lemma="559">וַ/יֹּ֕אמֶר</w>
          <w lemma="2896">ט֥וֹב</w>
          <w lemma="4191">מוֹתִ֖/י</w>
          <w lemma="2416">מֵ/חַיָּֽ/י</w><seg type="x-sof-pasuq">׃</seg> 
        </verse>
        <verse osisID="Jonah.4.9">
          <w lemma="559">וַ/יֹּ֤אמֶר</w>
          <w lemma="430">אֱלֹהִים֙</w>
          <w lemma="413">אֶל</w><seg type="x-maqqef">־</seg><w lemma="3124">יוֹנָ֔ה</w>
          <w lemma="3190">הַ/הֵיטֵ֥ב</w>
          <w lemma="2734">חָרָֽה</w><seg type="x-maqqef">־</seg><w>לְ/ךָ֖</w>
          <w lemma="5921">עַל</w><seg type="x-maqqef">־</seg><w lemma="7021">הַ/קִּֽיקָי֑וֹן</w>
          <w lemma="559">וַ/יֹּ֕אמֶר</w>
          <w lemma="3190">הֵיטֵ֥ב</w>
          <w lemma="2734">חָֽרָה</w><seg type="x-maqqef">־</seg><w>לִ֖/י</w>
          <w lemma="5704">עַד</w><seg type="x-maqqef">־</seg><w lemma="4194">מָֽוֶת</w><seg type="x-sof-pasuq">׃</seg> 
        </verse>
        <verse osisID="Jonah.4.10">
          <w lemma="559">וַ/יֹּ֣אמֶר</w>
          <w lemma="3068">יְהוָ֔ה</w>
          <w lemma="859">אַתָּ֥ה</w>
          <w lemma="2347">חַ֙סְתָּ֙</w>
          <w lemma="5921">עַל</w><seg type="x-maqqef">־</seg><w lemma="7021">הַ/קִּ֣יקָי֔וֹן</w>
          <w lemma="834">אֲשֶׁ֛ר</w>
          <w lemma="3808">לֹא</w><seg type="x-maqqef">־</seg><w lemma="5998">עָמַ֥לְתָּ</w>
          <w>בּ֖/וֹ</w>
          <w lemma="3808">וְ/לֹ֣א</w>
          <w lemma="1431">גִדַּלְתּ֑/וֹ</w>
          <w lemma="1121">שֶׁ/בִּן</w><seg type="x-maqqef">־</seg><w lemma="3915">לַ֥יְלָה</w>
          <w lemma="1961">הָיָ֖ה</w>
          <w lemma="1121">וּ/בִן</w><seg type="x-maqqef">־</seg><w lemma="3915">לַ֥יְלָה</w>
          <w lemma="6">אָבָֽד</w><seg type="x-sof-pasuq">׃</seg> 
        </verse>
        <verse osisID="Jonah.4.11">
          <w lemma="589">וַֽ/אֲנִי֙</w>
          <w lemma="3808">לֹ֣א</w>
          <w lemma="2347">אָח֔וּס</w>
          <w lemma="5921">עַל</w><seg type="x-maqqef">־</seg><w lemma="5210">נִינְוֵ֖ה</w>
          <w lemma="5892">הָ/עִ֣יר</w>
          <w lemma="1419">הַ/גְּדוֹלָ֑ה</w>
          <w lemma="834">אֲשֶׁ֣ר</w>
          <w lemma="3426">יֶשׁ</w><seg type="x-maqqef">־</seg><w>בָּ֡/הּ</w>
          <w lemma="7235">הַרְבֵּה֩</w>
          <w lemma="8147">מִֽ/שְׁתֵּים</w><seg type="x-maqqef">־</seg><w lemma="6240">עֶשְׂרֵ֨ה</w>
          <w lemma="7239">רִבּ֜וֹ</w>
          <w lemma="120">אָדָ֗ם</w>
          <w lemma="834">אֲשֶׁ֤ר</w>
          <w lemma="3808">לֹֽא</w><seg type="x-maqqef">־</seg><w lemma="3045">יָדַע֙</w>
          <w lemma="996">בֵּין</w><seg type="x-maqqef">־</seg><w lemma="3225">יְמִינ֣/וֹ</w>
          <w lemma="8040">לִ/שְׂמֹאל֔/וֹ</w>
          <w lemma="929">וּ/בְהֵמָ֖ה</w>
          <w lemma="7227">רַבָּֽה</w><seg type="x-sof-pasuq">׃</seg> 
        </verse>
      </chapter>
    </div>
  </osisText>
</osis>
