<?xml version="1.0" encoding="utf-8"?>
<osis xmlns:xsi="http://www.w3.org/2001/XMLSchema-instance" xsi:schemaLocation="http://www.bibletechnologies.net/2003/OSIS/namespace http://www.bibletechnologies.net/osisCore.2.1.1.xsd" xmlns="http://www.bibletechnologies.net/2003/OSIS/namespace">
  <osisText xml:lang="he" osisIDWork="WLC">
    <header>
      <revisionDesc resp="dt">
        <date>2008.08.08</date>
        <p>Convert the Westminster Leningrad Codex files from TEI markup to OSIS book files.</p>
      </revisionDesc>
      <work osisWork="WLC" xml:lang="he">
        <title>Westminster Leningrad Codex</title>
        <contributor role="edt">Daniel Owens</contributor>
        <contributor role="edt">David Troidl</contributor>
        <contributor role="edt">Christopher V. Kimball</contributor>
        <date>2007.9.16</date>
        <identifier type="URL">http://www.tanach.us/Tanach.xml</identifier>
        <rights>Public Domain</rights>
      </work>
      <work osisWork="BHS" xml:lang="he">
        <title>BHS unaccented with Strongs</title>
        <contributor role="edt">Joseph Planeta</contributor>
        <contributor role="edt">Rev. Graham Nind</contributor>
        <description>Unaccented Biblia Hebraica Stuttgartensia Hebrew with Strong's numbers by Rev. Graham.</description>
        <identifier type="URL">http://www.faithofgod.net/</identifier>
        <identifier type="URL">http://www.grahamnind.dsl.pipex.com/files</identifier>
        <rights>Public Domain</rights>
      </work>
      <work osisWork="Strong" xml:lang="en">
        <title>A Concise Dictionary of the Words in the Hebrew Bible</title>
        <title type="sub">with their Renderings in the King James Version</title>
        <contributor role="edt">David Troidl</contributor>
        <contributor role="edt">David Instone-Brewer</contributor>
        <creator role="edt">James Strong, LL.D., S.T.D.</creator>
        <date>1894</date>
        <description resp="dib">The data came from several PD sources which were full of errors. I cleaned them by comparing them to each other and (where necessary) looking at the original.</description>
        <publisher>Hunt &amp;amp; Eaton</publisher>
        <identifier type="URL">www.2LetterLookup.com</identifier>
        <source>The exhaustive concordance of the Bible:</source>
        <rights>Public Domain</rights>
      </work>
      <workPrefix path="//w/@lemma" osisWork="Strong" />
    </header>
    <div type="book" osisID="Nah">
      <chapter osisID="Nah.1">
        <verse osisID="Nah.1.1">
          <w lemma="4853">מַשָּׂ֖א</w>
          <w lemma="5210">נִֽינְוֵ֑ה</w>
          <w lemma="5612">סֵ֧פֶר</w>
          <w lemma="2377">חֲז֛וֹן</w>
          <w lemma="5151">נַח֖וּם</w>
          <w lemma="512">הָ/אֶלְקֹשִֽׁי</w><seg type="x-sof-pasuq">׃</seg> 
        </verse>
        <verse osisID="Nah.1.2">
          <w lemma="410">אֵ֣ל</w>
          <w lemma="7072">קַנּ֤וֹא</w>
          <w lemma="5358">וְ/נֹקֵם֙</w>
          <w lemma="3068">יְהוָ֔ה</w>
          <w lemma="5358">נֹקֵ֥ם</w>
          <w lemma="3068">יְהוָ֖ה</w>
          <w lemma="1167">וּ/בַ֣עַל</w>
          <w lemma="2534">חֵמָ֑ה</w>
          <w lemma="5358">נֹקֵ֤ם</w>
          <w lemma="3068">יְהוָה֙</w>
          <w lemma="6862">לְ/צָרָ֔י/ו</w>
          <w lemma="5201">וְ/נוֹטֵ֥ר</w>
          <w lemma="1931">ה֖וּא</w>
          <w lemma="341">לְ/אֹיְבָֽי/ו</w><seg type="x-sof-pasuq">׃</seg> 
        </verse>
        <verse osisID="Nah.1.3">
          <w lemma="3068">יְהֹוָ֗ה</w>
          <w lemma="750">אֶ֤רֶךְ</w>
          <w lemma="639">אַפַּ֙יִם֙</w>
          <w lemma="1419">ו/גדול</w><note type="variant"><catchWord>ו/גדול</catchWord><rdg type="x-qere"><w lemma="1419">וּ/גְדָל</w></rdg></note>
<seg type="x-maqqef">־</seg><w lemma="1419">כֹּ֔חַ</w>
          <w lemma="5352">וְ/נַקֵּ֖ה</w>
          <w lemma="3808">לֹ֣א</w>
          <w lemma="5352">יְנַקֶּ֑ה</w>
          <w lemma="3068">יְהוָ֗ה</w>
          <w lemma="5492">בְּ/סוּפָ֤ה</w>
          <w lemma="8183">וּ/בִ/שְׂעָרָה֙</w>
          <w lemma="1870">דַּרְכּ֔/וֹ</w>
          <w lemma="6051">וְ/עָנָ֖ן</w>
          <w lemma="80">אֲבַ֥ק</w>
          <w lemma="7272">רַגְלָֽי/ו</w><seg type="x-sof-pasuq">׃</seg> 
        </verse>
        <verse osisID="Nah.1.4">
          <w lemma="1605">גּוֹעֵ֤ר</w>
          <w lemma="3220">בַּ/יָּם֙</w>
          <w lemma="3001">וַֽ/יַּבְּשֵׁ֔/הוּ</w>
          <w lemma="3605">וְ/כָל</w><seg type="x-maqqef">־</seg><w lemma="5104">הַ/נְּהָר֖וֹת</w>
          <w lemma="2717">הֶֽחֱרִ֑יב</w>
          <w lemma="536">אֻמְלַ֤ל</w>
          <w lemma="1316">בָּשָׁן֙</w>
          <w lemma="3760">וְ/כַרְמֶ֔ל</w>
          <w lemma="6525">וּ/פֶ֥רַח</w>
          <w lemma="3844">לְבָנ֖וֹן</w>
          <w lemma="536">אֻמְלָֽל</w><seg type="x-sof-pasuq">׃</seg> 
        </verse>
        <verse osisID="Nah.1.5">
          <w lemma="2022">הָרִים֙</w>
          <w lemma="7493">רָעֲשׁ֣וּ</w>
          <w lemma="4480">מִמֶּ֔/נּוּ</w>
          <w lemma="1389">וְ/הַ/גְּבָע֖וֹת</w>
          <w lemma="4127">הִתְמֹגָ֑גוּ</w>
          <w lemma="5375">וַ/תִּשָּׂ֤א</w>
          <w lemma="776">הָ/אָ֙רֶץ֙</w>
          <w lemma="6440">מִ/פָּנָ֔י/ו</w>
          <w lemma="8398">וְ/תֵבֵ֖ל</w>
          <w lemma="3605">וְ/כָל</w><seg type="x-maqqef">־</seg><w lemma="3427">יֹ֥שְׁבֵי</w>
          <w>בָֽ/הּ</w><seg type="x-sof-pasuq">׃</seg> 
        </verse>
        <verse osisID="Nah.1.6">
          <w lemma="6440">לִ/פְנֵ֤י</w>
          <w lemma="2195">זַעְמ/וֹ֙</w>
          <w lemma="4310">מִ֣י</w>
          <w lemma="5975">יַֽעֲמ֔וֹד</w>
          <w lemma="4310">וּ/מִ֥י</w>
          <w lemma="6965">יָק֖וּם</w>
          <w lemma="2740">בַּ/חֲר֣וֹן</w>
          <w lemma="639">אַפּ֑/וֹ</w>
          <w lemma="2534">חֲמָת/וֹ֙</w>
          <w lemma="5413">נִתְּכָ֣ה</w>
          <w lemma="784">כָ/אֵ֔שׁ</w>
          <w lemma="6697">וְ/הַ/צֻּרִ֖ים</w>
          <w lemma="5422">נִתְּצ֥וּ</w>
          <w lemma="4480">מִמֶּֽ/נּוּ</w><seg type="x-sof-pasuq">׃</seg> 
        </verse>
        <verse osisID="Nah.1.7">
          <w lemma="2896">ט֣וֹב</w>
          <w lemma="3068">יְהוָ֔ה</w>
          <w lemma="4581">לְ/מָע֖וֹז</w>
          <w lemma="3117">בְּ/י֣וֹם</w>
          <w lemma="6869">צָרָ֑ה</w>
          <w lemma="3045">וְ/יֹדֵ֖עַ</w>
          <w lemma="2620">חֹ֥סֵי</w>
          <w>בֽ/וֹ</w><seg type="x-sof-pasuq">׃</seg> 
        </verse>
        <verse osisID="Nah.1.8">
          <w lemma="7858">וּ/בְ/שֶׁ֣טֶף</w>
          <w lemma="5674">עֹבֵ֔ר</w>
          <w lemma="3617">כָּלָ֖ה</w>
          <w lemma="6213">יַעֲשֶׂ֣ה</w>
          <w lemma="4725">מְקוֹמָ֑/הּ</w>
          <w lemma="341">וְ/אֹיְבָ֖י/ו</w>
          <w lemma="7291">יְרַדֶּף</w><seg type="x-maqqef">־</seg><w lemma="2822">חֹֽשֶׁךְ</w><seg type="x-sof-pasuq">׃</seg> 
          <note>We read or understand L differently than BHS (1983 Edition). Often this notation indicates a typographical error in BHS.</note>
        </verse>
        <verse osisID="Nah.1.9">
          <w lemma="4100">מַה</w><seg type="x-maqqef">־</seg><w lemma="2803">תְּחַשְּׁבוּ/ן֙</w>
          <w lemma="413">אֶל</w><seg type="x-maqqef">־</seg><w lemma="3068">יְהוָ֔ה</w>
          <w lemma="3617">כָּלָ֖ה</w>
          <w lemma="1931">ה֣וּא</w>
          <w lemma="6213">עֹשֶׂ֑ה</w>
          <w lemma="3808">לֹֽא</w><seg type="x-maqqef">־</seg><w lemma="6965">תָק֥וּם</w>
          <w lemma="6471">פַּעֲמַ֖יִם</w>
          <w lemma="6869">צָרָֽה</w><seg type="x-sof-pasuq">׃</seg> 
        </verse>
        <verse osisID="Nah.1.10">
          <w lemma="3588">כִּ֚י</w>
          <w lemma="5704">עַד</w><seg type="x-maqqef">־</seg><w lemma="5518">סִירִ֣ים</w>
          <w lemma="5440">סְבֻכִ֔ים</w>
          <w lemma="5435">וּ/כְ/סָבְאָ֖/ם</w>
          <w lemma="5433">סְבוּאִ֑ים</w>
          <w lemma="398">אֻ֨כְּל֔וּ</w>
          <w lemma="7179">כְּ/קַ֥שׁ</w>
          <w lemma="3002">יָבֵ֖שׁ</w>
          <w lemma="4390">מָלֵֽא</w><seg type="x-sof-pasuq">׃</seg> 
        </verse>
        <verse osisID="Nah.1.11">
          <w lemma="4480">מִמֵּ֣/ךְ</w>
          <w lemma="3318">יָצָ֔א</w>
          <w lemma="2803">חֹשֵׁ֥ב</w>
          <note>We read or understand L differently than BHS (1983 Edition). Often this notation indicates a typographical error in BHS.</note>
          <w lemma="5921">עַל</w><seg type="x-maqqef">־</seg><w lemma="3068">יְהוָ֖ה</w>
          <w lemma="7451">רָעָ֑ה</w>
          <w lemma="3289">יֹעֵ֖ץ</w>
          <w lemma="1100">בְּלִיָּֽעַל</w><seg type="x-sof-pasuq">׃</seg> 
          <seg type="x-samekh">ס</seg> 
        </verse>
        <verse osisID="Nah.1.12">
          <w lemma="3541">כֹּ֣ה</w>
          <seg type="x-paseq">׀</seg> 
          <w lemma="559">אָמַ֣ר</w>
          <w lemma="3068">יְהוָ֗ה</w>
          <w lemma="518">אִם</w><seg type="x-maqqef">־</seg><w lemma="8003">שְׁלֵמִים֙</w>
          <w lemma="3651">וְ/כֵ֣ן</w>
          <w lemma="7227">רַבִּ֔ים</w>
          <w lemma="3651">וְ/כֵ֥ן</w>
          <w lemma="1494">נָגֹ֖זּוּ</w>
          <w lemma="5674">וְ/עָבָ֑ר</w>
          <w lemma="6031">וְ/עִ֨נִּתִ֔/ךְ</w>
          <w lemma="3808">לֹ֥א</w>
          <w lemma="6031">אֲעַנֵּ֖/ךְ</w>
          <w lemma="5750">עֽוֹד</w><seg type="x-sof-pasuq">׃</seg> 
        </verse>
        <verse osisID="Nah.1.13">
          <w lemma="6258">וְ/עַתָּ֕ה</w>
          <w lemma="7665">אֶשְׁבֹּ֥ר</w>
          <w lemma="4132">מֹטֵ֖/הוּ</w>
          <w lemma="5921">מֵֽ/עָלָ֑יִ/ךְ</w>
          <w lemma="4147">וּ/מוֹסְרֹתַ֖יִ/ךְ</w>
          <w lemma="5423">אֲנַתֵּֽק</w><seg type="x-sof-pasuq">׃</seg> 
        </verse>
        <verse osisID="Nah.1.14">
          <w lemma="6680">וְ/צִוָּ֤ה</w>
          <w lemma="5921">עָלֶ֙י/ךָ֙</w>
          <w lemma="3068">יְהוָ֔ה</w>
          <w lemma="3808">לֹֽא</w><seg type="x-maqqef">־</seg><w lemma="2232">יִזָּרַ֥ע</w>
          <w lemma="8034">מִ/שִּׁמְ/ךָ֖</w>
          <w lemma="5750">ע֑וֹד</w>
          <w lemma="1004">מִ/בֵּ֨ית</w>
          <w lemma="430">אֱלֹהֶ֜י/ךָ</w>
          <w lemma="3772">אַכְרִ֨ית</w>
          <w lemma="6459">פֶּ֧סֶל</w>
          <w lemma="4541">וּ/מַסֵּכָ֛ה</w>
          <w lemma="7760">אָשִׂ֥ים</w>
          <w lemma="6913">קִבְרֶ֖/ךָ</w>
          <w lemma="3588">כִּ֥י</w>
          <w lemma="7043">קַלּֽוֹתָ</w><seg type="x-sof-pasuq">׃</seg> 
          <seg type="x-pe">פ</seg>
        </verse>
      </chapter>
      <chapter osisID="Nah.2">
        <verse osisID="Nah.2.1">
          <note>BHS:Nah.1.15</note>
          <w lemma="2009">הִנֵּ֨ה</w>
          <w lemma="5921">עַל</w><seg type="x-maqqef">־</seg><w lemma="2022">הֶ/הָרִ֜ים</w>
          <w lemma="7272">רַגְלֵ֤י</w>
          <w lemma="1319">מְבַשֵּׂר֙</w>
          <w lemma="8085">מַשְׁמִ֣יעַ</w>
          <w lemma="7965">שָׁל֔וֹם</w>
          <w lemma="2287">חָגִּ֧י</w>
          <w lemma="3063">יְהוּדָ֛ה</w>
          <w lemma="2282">חַגַּ֖יִ/ךְ</w>
          <w lemma="7999">שַׁלְּמִ֣י</w>
          <w lemma="5088">נְדָרָ֑יִ/ךְ</w>
          <w lemma="3588">כִּי֩</w>
          <w lemma="3808">לֹ֨א</w>
          <w lemma="3254">יוֹסִ֥יף</w>
          <w lemma="5750">ע֛וֹד</w>
          <w lemma="5674">ל/עבור</w><note type="variant"><catchWord>ל/עבור</catchWord><rdg type="x-qere"><w lemma="5674">לַֽ/עֲבָר</w></rdg></note>
<seg type="x-maqqef">־</seg>
          <w lemma="5674">בָּ֥/ךְ</w>
          <w lemma="1100">בְּלִיַּ֖עַל</w>
          <w lemma="3605">כֻּלֹּ֥/ה</w>
          <w lemma="3772">נִכְרָֽת</w><seg type="x-sof-pasuq">׃</seg> 
        </verse>
        <verse osisID="Nah.2.2">
          <note>BHS:Nah.2.1</note>
          <w lemma="5927">עָלָ֥ה</w>
          <w lemma="6327">מֵפִ֛יץ</w>
          <w lemma="5921">עַל</w><seg type="x-maqqef">־</seg><w lemma="6440">פָּנַ֖יִ/ךְ</w>
          <w lemma="5341">נָצ֣וֹר</w>
          <w lemma="4694">מְצֻרָ֑ה</w>
          <w lemma="6822">צַפֵּה</w><seg type="x-maqqef">־</seg><w lemma="1870">דֶ֙רֶךְ֙</w>
          <w lemma="2388">חַזֵּ֣ק</w>
          <w lemma="4975">מָתְנַ֔יִם</w>
          <w lemma="553">אַמֵּ֥ץ</w>
          <w lemma="3581">כֹּ֖חַ</w>
          <w lemma="3966">מְאֹֽד</w><seg type="x-sof-pasuq">׃</seg> 
        </verse>
        <verse osisID="Nah.2.3">
          <note>BHS:Nah.2.2</note>
          <w lemma="3588">כִּ֣י</w>
          <w lemma="7725">שָׁ֤ב</w>
          <w lemma="3068">יְהוָה֙</w>
          <w lemma="853">אֶת</w><seg type="x-maqqef">־</seg><w lemma="1347">גְּא֣וֹן</w>
          <w lemma="3290">יַעֲקֹ֔ב</w>
          <w lemma="1347">כִּ/גְא֖וֹן</w>
          <w lemma="3478">יִשְׂרָאֵ֑ל</w>
          <w lemma="3588">כִּ֤י</w>
          <w lemma="1238">בְקָקוּ/ם֙</w>
          <w lemma="1238">בֹּֽקְקִ֔ים</w>
          <w lemma="2156">וּ/זְמֹרֵי/הֶ֖ם</w>
          <w lemma="7843">שִׁחֵֽתוּ</w><seg type="x-sof-pasuq">׃</seg> 
        </verse>
        <verse osisID="Nah.2.4">
          <note>BHS:Nah.2.3</note>
          <w lemma="4043">מָגֵ֨ן</w>
          <w lemma="1368">גִּבֹּרֵ֜י/הוּ</w>
          <w lemma="119">מְאָדָּ֗ם</w>
          <w lemma="376">אַנְשֵׁי</w><seg type="x-maqqef">־</seg><w lemma="2428">חַ֙יִל֙</w>
          <w lemma="8529">מְתֻלָּעִ֔ים</w>
          <w lemma="784">בְּ/אֵשׁ</w><seg type="x-maqqef">־</seg><w lemma="6393">פְּלָד֥וֹת</w>
          <w lemma="7393">הָ/רֶ֖כֶב</w>
          <w lemma="3117">בְּ/י֣וֹם</w>
          <w lemma="3559">הֲכִינ֑/וֹ</w>
          <w lemma="1265">וְ/הַ/בְּרֹשִׁ֖ים</w>
          <w lemma="7477">הָרְעָֽלוּ</w><seg type="x-sof-pasuq">׃</seg> 
        </verse>
        <verse osisID="Nah.2.5">
          <note>BHS:Nah.2.4</note>
          <w lemma="2351">בַּֽ/חוּצוֹת֙</w>
          <w lemma="1984">יִתְהוֹלְל֣וּ</w>
          <w lemma="7393">הָ/רֶ֔כֶב</w>
          <w lemma="8264">יִֽשְׁתַּקְשְׁק֖וּ/ן</w>
          <w lemma="7339">בָּ/רְחֹב֑וֹת</w>
          <w lemma="4758">מַרְאֵי/הֶן֙</w>
          <w lemma="3940">כַּ/לַּפִּידִ֔ם</w>
          <w lemma="1300">כַּ/בְּרָקִ֖ים</w>
          <w lemma="7323">יְרוֹצֵֽצוּ</w><seg type="x-sof-pasuq">׃</seg> 
        </verse>
        <verse osisID="Nah.2.6">
          <note>BHS:Nah.2.5</note>
          <w lemma="2142">יִזְכֹּר֙</w>
          <w lemma="117">אַדִּירָ֔י/ו</w>
          <w lemma="3782">יִכָּשְׁל֖וּ</w>
          <w lemma="1979">ב/הלכות/ם</w><note type="variant"><catchWord>ב/הלכות/ם</catchWord><rdg type="x-qere"><w lemma="1979">בַּ/הֲלִֽיכָתָ֑/ם</w></rdg></note>
          <w lemma="4116">יְמַֽהֲרוּ֙</w>
          <w lemma="2346">חֽוֹמָתָ֔/הּ</w>
          <w lemma="3559">וְ/הֻכַ֖ן</w>
          <w lemma="5526">הַ/סֹּכֵֽךְ</w><seg type="x-sof-pasuq">׃</seg> 
        </verse>
        <verse osisID="Nah.2.7">
          <note>BHS:Nah.2.6</note>
          <w lemma="8179">שַׁעֲרֵ֥י</w>
          <w lemma="5104">הַ/נְּהָר֖וֹת</w>
          <w lemma="6605">נִפְתָּ֑חוּ</w>
          <w lemma="1964">וְ/הַֽ/הֵיכָ֖ל</w>
          <w lemma="4127">נָמֽוֹג</w><seg type="x-sof-pasuq">׃</seg> 
        </verse>
        <verse osisID="Nah.2.8">
          <note>BHS:Nah.2.7</note>
          <w lemma="5324">וְ/הֻצַּ֖ב</w>
          <w lemma="1540">גֻּלְּתָ֣ה</w>
          <w lemma="5927">הֹֽעֲלָ֑תָה</w>
          <w lemma="519">וְ/אַמְהֹתֶ֗י/הָ</w>
          <w lemma="5090">מְנַֽהֲגוֹת֙</w>
          <w lemma="6963">כְּ/ק֣וֹל</w>
          <w lemma="3123">יוֹנִ֔ים</w>
          <w lemma="8608">מְתֹפְפֹ֖ת</w>
          <w lemma="5921">עַל</w><seg type="x-maqqef">־</seg><w lemma="3824">לִבְבֵ/הֶֽן</w><seg type="x-sof-pasuq">׃</seg> 
        </verse>
        <verse osisID="Nah.2.9">
          <note>BHS:Nah.2.8</note>
          <w lemma="5210">וְ/נִינְוֵ֥ה</w>
          <w lemma="1295">כִ/בְרֵֽכַת</w><seg type="x-maqqef">־</seg><w lemma="4325">מַ֖יִם</w>
          <w lemma="3117">מִ֣/ימֵי</w>
          <w lemma="1931">הִ֑יא</w>
          <w lemma="1992">וְ/הֵ֣מָּה</w>
          <w lemma="5127">נָסִ֔ים</w>
          <w lemma="5975">עִמְד֥וּ</w>
          <w lemma="5975">עֲמֹ֖דוּ</w>
          <w lemma="369">וְ/אֵ֥ין</w>
          <w lemma="6437">מַפְנֶֽה</w><seg type="x-sof-pasuq">׃</seg> 
        </verse>
        <verse osisID="Nah.2.10">
          <note>BHS:Nah.2.9</note>
          <w lemma="962">בֹּ֥זּוּ</w>
          <w lemma="3701">כֶ֖סֶף</w>
          <w lemma="962">בֹּ֣זּוּ</w>
          <w lemma="2091">זָהָ֑ב</w>
          <w lemma="369">וְ/אֵ֥ין</w>
          <w lemma="7097">קֵ֙צֶה֙</w>
          <w lemma="8498">לַ/תְּכוּנָ֔ה</w>
          <w lemma="3519">כָּבֹ֕ד</w>
          <w lemma="3605">מִ/כֹּ֖ל</w>
          <w lemma="3627">כְּלִ֥י</w>
          <w lemma="2532">חֶמְדָּֽה</w><seg type="x-sof-pasuq">׃</seg> 
        </verse>
        <verse osisID="Nah.2.11">
          <note>BHS:Nah.2.10</note>
          <w lemma="950">בּוּקָ֥ה</w>
          <w lemma="4003">וּ/מְבוּקָ֖ה</w>
          <w lemma="1110">וּ/מְבֻלָּקָ֑ה</w>
          <w lemma="3820">וְ/לֵ֨ב</w>
          <w lemma="4549">נָמֵ֜ס</w>
          <w lemma="6375">וּ/פִ֣ק</w>
          <w lemma="1290">בִּרְכַּ֗יִם</w>
          <w lemma="2479">וְ/חַלְחָלָה֙</w>
          <w lemma="3605">בְּ/כָל</w><seg type="x-maqqef">־</seg><w lemma="4975">מָתְנַ֔יִם</w>
          <w lemma="6440">וּ/פְנֵ֥י</w>
          <w lemma="3605">כֻלָּ֖/ם</w>
          <w lemma="6908">קִבְּצ֥וּ</w>
          <w lemma="6289">פָארֽוּר</w><seg type="x-sof-pasuq">׃</seg> 
        </verse>
        <verse osisID="Nah.2.12">
          <note>BHS:Nah.2.11</note>
          <w lemma="346">אַיֵּה֙</w>
          <w lemma="4583">מְע֣וֹן</w>
          <w lemma="738">אֲרָי֔וֹת</w>
          <w lemma="4829">וּ/מִרְעֶ֥ה</w>
          <w lemma="1931">ה֖וּא</w>
          <w lemma="3715">לַ/כְּפִרִ֑ים</w>
          <w lemma="834">אֲשֶׁ֣ר</w>
          <w lemma="1980">הָלַךְ֩</w>
          <w lemma="738">אַרְיֵ֨ה</w>
          <w lemma="3833">לָבִ֥יא</w>
          <w lemma="8033">שָׁ֛ם</w>
          <w lemma="1482">גּ֥וּר</w>
          <w lemma="738">אַרְיֵ֖ה</w>
          <w lemma="369">וְ/אֵ֥ין</w>
          <w lemma="2729">מַחֲרִֽיד</w><seg type="x-sof-pasuq">׃</seg> 
        </verse>
        <verse osisID="Nah.2.13">
          <note>BHS:Nah.2.12</note>
          <w lemma="738">אַרְיֵ֤ה</w>
          <w lemma="2963">טֹרֵף֙</w>
          <w lemma="1767">בְּ/דֵ֣י</w>
          <w lemma="1484">גֹֽרוֹתָ֔י/ו</w>
          <w lemma="2614">וּ/מְחַנֵּ֖ק</w>
          <w lemma="3833">לְ/לִבְאֹתָ֑י/ו</w>
          <w lemma="4390">וַ/יְמַלֵּא</w><seg type="x-maqqef">־</seg><w lemma="2964">טֶ֣רֶף</w>
          <w lemma="2356">חֹרָ֔י/ו</w>
          <w lemma="4585">וּ/מְעֹֽנֹתָ֖י/ו</w>
          <w lemma="2966">טְרֵפָֽה</w><seg type="x-sof-pasuq">׃</seg> 
        </verse>
        <verse osisID="Nah.2.14">
          <note>BHS:Nah.2.13</note>
          <w lemma="2005">הִנְ/נִ֣י</w>
          <w lemma="413">אֵלַ֗יִ/ךְ</w>
          <w lemma="5002">נְאֻם֙</w>
          <w lemma="3068">יְהוָ֣ה</w>
          <w lemma="6635">צְבָא֔וֹת</w>
          <w lemma="1197">וְ/הִבְעַרְתִּ֤י</w>
          <w lemma="6227">בֶֽ/עָשָׁן֙</w>
          <w lemma="7393">רִכְבָּ֔/הּ</w>
          <w lemma="3715">וּ/כְפִירַ֖יִ/ךְ</w>
          <w lemma="398">תֹּ֣אכַל</w>
          <w lemma="2719">חָ֑רֶב</w>
          <w lemma="3772">וְ/הִכְרַתִּ֤י</w>
          <w lemma="776">מֵ/אֶ֙רֶץ֙</w>
          <w lemma="2964">טַרְפֵּ֔/ךְ</w>
          <w lemma="3808">וְ/לֹֽא</w><seg type="x-maqqef">־</seg><w lemma="8085">יִשָּׁמַ֥ע</w>
          <w lemma="5750">ע֖וֹד</w>
          <w lemma="6963">ק֥וֹל</w>
          <w lemma="4397">מַלְאָכֵֽ/כֵה</w><seg type="x-sof-pasuq">׃</seg> 
          <seg type="x-samekh">ס</seg> 
        </verse>
      </chapter>
      <chapter osisID="Nah.3">
        <verse osisID="Nah.3.1">
          <w lemma="1945">ה֖וֹי</w>
          <w lemma="5892">עִ֣יר</w>
          <w lemma="1818">דָּמִ֑ים</w>
          <w lemma="3605">כֻּלָּ֗/הּ</w>
          <w lemma="3585">כַּ֤חַשׁ</w>
          <w lemma="6563">פֶּ֙רֶק֙</w>
          <w lemma="4395">מְלֵאָ֔ה</w>
          <w lemma="3808">לֹ֥א</w>
          <w lemma="4185">יָמִ֖ישׁ</w>
          <w lemma="2964">טָֽרֶף</w><seg type="x-sof-pasuq">׃</seg> 
        </verse>
        <verse osisID="Nah.3.2">
          <w lemma="6963">ק֣וֹל</w>
          <w lemma="7752">שׁ֔וֹט</w>
          <w lemma="6963">וְ/ק֖וֹל</w>
          <w lemma="7494">רַ֣עַשׁ</w>
          <w lemma="212">אוֹפָ֑ן</w>
          <w lemma="5483">וְ/ס֣וּס</w>
          <w lemma="1725">דֹּהֵ֔ר</w>
          <w lemma="4818">וּ/מֶרְכָּבָ֖ה</w>
          <w lemma="7540">מְרַקֵּדָֽה</w><seg type="x-sof-pasuq">׃</seg> 
        </verse>
        <verse osisID="Nah.3.3">
          <w lemma="6571">פָּרָ֣שׁ</w>
          <w lemma="5927">מַעֲלֶ֗ה</w>
          <w lemma="3851">וְ/לַ֤הַב</w>
          <w lemma="2719">חֶ֙רֶב֙</w>
          <w lemma="1300">וּ/בְרַ֣ק</w>
          <w lemma="2595">חֲנִ֔ית</w>
          <w lemma="7230">וְ/רֹ֥ב</w>
          <w lemma="2491">חָלָ֖ל</w>
          <w lemma="3514">וְ/כֹ֣בֶד</w>
          <w lemma="6297">פָּ֑גֶר</w>
          <w lemma="369">וְ/אֵ֥ין</w>
          <w lemma="7097">קֵ֙צֶה֙</w>
          <w lemma="1472">לַ/גְּוִיָּ֔ה</w>
          <w lemma="3782">יכשלו</w><note type="variant"><catchWord>יכשלו</catchWord><rdg type="x-qere"><w lemma="3782">וְ/כָשְׁל֖וּ</w></rdg></note>
          <w lemma="1472">בִּ/גְוִיָּתָֽ/ם</w><seg type="x-sof-pasuq">׃</seg> 
        </verse>
        <verse osisID="Nah.3.4">
          <w lemma="7230">מֵ/רֹב֙</w>
          <w lemma="2181">זְנוּנֵ֣י</w>
          <w lemma="2181">זוֹנָ֔ה</w>
          <w lemma="2896">ט֥וֹבַת</w>
          <w lemma="2580">חֵ֖ן</w>
          <w lemma="1172">בַּעֲלַ֣ת</w>
          <w lemma="3785">כְּשָׁפִ֑ים</w>
          <w lemma="4376">הַ/מֹּכֶ֤רֶת</w>
          <w lemma="1471">גּוֹיִם֙</w>
          <w lemma="2183">בִּ/זְנוּנֶ֔י/הָ</w>
          <w lemma="4940">וּ/מִשְׁפָּח֖וֹת</w>
          <w lemma="3785">בִּ/כְשָׁפֶֽי/הָ</w><seg type="x-sof-pasuq">׃</seg> 
        </verse>
        <verse osisID="Nah.3.5">
          <w lemma="2005">הִנְ/נִ֣י</w>
          <w lemma="413">אֵלַ֗יִ/ךְ</w>
          <w lemma="5002">נְאֻם֙</w>
          <w lemma="3068">יְהוָ֣ה</w>
          <w lemma="6635">צְבָא֔וֹת</w>
          <w lemma="1540">וְ/גִלֵּיתִ֥י</w>
          <w lemma="7757">שׁוּלַ֖יִ/ךְ</w>
          <w lemma="5921">עַל</w><seg type="x-maqqef">־</seg><w lemma="6440">פָּנָ֑יִ/ךְ</w>
          <w lemma="7200">וְ/הַרְאֵיתִ֤י</w>
          <w lemma="1471">גוֹיִם֙</w>
          <w lemma="4626">מַעְרֵ֔/ךְ</w>
          <w lemma="4467">וּ/מַמְלָכ֖וֹת</w>
          <w lemma="7036">קְלוֹנֵֽ/ךְ</w><seg type="x-sof-pasuq">׃</seg> 
        </verse>
        <verse osisID="Nah.3.6">
          <w lemma="7993">וְ/הִשְׁלַכְתִּ֥י</w>
          <w lemma="5921">עָלַ֛יִ/ךְ</w>
          <w lemma="8251">שִׁקֻּצִ֖ים</w>
          <w lemma="5034">וְ/נִבַּלְתִּ֑י/ךְ</w>
          <w lemma="7760">וְ/שַׂמְתִּ֖י/ךְ</w>
          <w lemma="7210">כְּ/רֹֽאִי</w><seg type="x-sof-pasuq">׃</seg> 
        </verse>
        <verse osisID="Nah.3.7">
          <w lemma="1961">וְ/הָיָ֤ה</w>
          <w lemma="3605">כָל</w><seg type="x-maqqef">־</seg><w lemma="7200">רֹאַ֙יִ/ךְ֙</w>
          <w lemma="5074">יִדּ֣וֹד</w>
          <w lemma="4480">מִמֵּ֔/ךְ</w>
          <w lemma="559">וְ/אָמַר֙</w>
          <w lemma="7703">שָׁדְּדָ֣ה</w>
          <w lemma="5210">נִֽינְוֵ֔ה</w>
          <w lemma="4310">מִ֖י</w>
          <w lemma="5110">יָנ֣וּד</w>
          <w>לָ֑/הּ</w>
          <w lemma="370">מֵ/אַ֛יִן</w>
          <w lemma="1245">אֲבַקֵּ֥שׁ</w>
          <w lemma="5162">מְנַחֲמִ֖ים</w>
          <w>לָֽ/ךְ</w><seg type="x-sof-pasuq">׃</seg> 
        </verse>
        <verse osisID="Nah.3.8">
          <w lemma="3190">הֲ/תֵֽיטְבִי֙</w>
          <w lemma="4996">מִ/נֹּ֣א</w>
          <w lemma="528">אָמ֔וֹן</w>
          <w lemma="3427">הַ/יֹּֽשְׁבָה֙</w>
          <w lemma="2975">בַּ/יְאֹרִ֔ים</w>
          <w lemma="4325">מַ֖יִם</w>
          <w lemma="5439">סָבִ֣יב</w>
          <w>לָ֑/הּ</w>
          <w lemma="834">אֲשֶׁר</w><seg type="x-maqqef">־</seg><w lemma="2426">חֵ֣יל</w>
          <w lemma="3220">יָ֔ם</w>
          <w lemma="3220">מִ/יָּ֖ם</w>
          <w lemma="2346">חוֹמָתָֽ/הּ</w><seg type="x-sof-pasuq">׃</seg> 
        </verse>
        <verse osisID="Nah.3.9">
          <w lemma="3568">כּ֥וּשׁ</w>
          <w lemma="6109">עָצְמָ֛/ה</w>
          <w lemma="4714">וּ/מִצְרַ֖יִם</w>
          <w lemma="369">וְ/אֵ֣ין</w>
          <w lemma="7097">קֵ֑צֶה</w>
          <w lemma="6316">פּ֣וּט</w>
          <w lemma="3864">וְ/לוּבִ֔ים</w>
          <w lemma="1961">הָי֖וּ</w>
          <w lemma="5833">בְּ/עֶזְרָתֵֽ/ךְ</w><seg type="x-sof-pasuq">׃</seg> 
        </verse>
        <verse osisID="Nah.3.10">
          <w lemma="1571">גַּם</w><seg type="x-maqqef">־</seg><w lemma="1931">הִ֗יא</w>
          <w lemma="1473">לַ/גֹּלָה֙</w>
          <w lemma="1980">הָלְכָ֣ה</w>
          <w lemma="7628">בַ/שֶּׁ֔בִי</w>
          <w lemma="1571">גַּ֧ם</w>
          <w lemma="5768">עֹלָלֶ֛י/הָ</w>
          <w lemma="7376">יְרֻטְּשׁ֖וּ</w>
          <w lemma="7218">בְּ/רֹ֣אשׁ</w>
          <w lemma="3605">כָּל</w><seg type="x-maqqef">־</seg><w lemma="2351">חוּצ֑וֹת</w>
          <w lemma="5921">וְ/עַל</w><seg type="x-maqqef">־</seg><w lemma="3513">נִכְבַּדֶּ֙י/הָ֙</w>
          <w lemma="3032">יַדּ֣וּ</w>
          <w lemma="1486">גוֹרָ֔ל</w>
          <w lemma="3605">וְ/כָל</w><seg type="x-maqqef">־</seg><w lemma="1419">גְּדוֹלֶ֖י/הָ</w>
          <w lemma="7576">רֻתְּק֥וּ</w>
          <w lemma="2131">בַ/זִּקִּֽים</w><seg type="x-sof-pasuq">׃</seg> 
        </verse>
        <verse osisID="Nah.3.11">
          <w lemma="1571">גַּם</w><seg type="x-maqqef">־</seg><w lemma="859">אַ֣תְּ</w>
          <w lemma="7937">תִּשְׁכְּרִ֔י</w>
          <w lemma="1961">תְּהִ֖י</w>
          <w lemma="5956">נַֽעֲלָמָ֑ה</w>
          <w lemma="1571">גַּם</w><seg type="x-maqqef">־</seg><w lemma="859">אַ֛תְּ</w>
          <w lemma="1245">תְּבַקְשִׁ֥י</w>
          <w lemma="4581">מָע֖וֹז</w>
          <w lemma="341">מֵ/אוֹיֵֽב</w><seg type="x-sof-pasuq">׃</seg> 
        </verse>
        <verse osisID="Nah.3.12">
          <w lemma="3605">כָּ֨ל</w><seg type="x-maqqef">־</seg><w lemma="4013">מִבְצָרַ֔יִ/ךְ</w>
          <w lemma="8384">תְּאֵנִ֖ים</w>
          <w lemma="5973">עִם</w><seg type="x-maqqef">־</seg><w lemma="1061">בִּכּוּרִ֑ים</w>
          <w lemma="518">אִם</w><seg type="x-maqqef">־</seg><w lemma="5128">יִנּ֕וֹעוּ</w>
          <w lemma="5307">וְ/נָפְל֖וּ</w>
          <w lemma="5921">עַל</w><seg type="x-maqqef">־</seg><w lemma="6310">פִּ֥י</w>
          <w lemma="398">אוֹכֵֽל</w><seg type="x-sof-pasuq">׃</seg> 
        </verse>
        <verse osisID="Nah.3.13">
          <w lemma="2009">הִנֵּ֨ה</w>
          <w lemma="5971">עַמֵּ֤/ךְ</w>
          <w lemma="802">נָשִׁים֙</w>
          <w lemma="7130">בְּ/קִרְבֵּ֔/ךְ</w>
          <w lemma="341">לְ/אֹ֣יְבַ֔יִ/ךְ</w>
          <w lemma="6605">פָּת֥וֹחַ</w>
          <w lemma="6605">נִפְתְּח֖וּ</w>
          <w lemma="8179">שַׁעֲרֵ֣י</w>
          <w lemma="776">אַרְצֵ֑/ךְ</w>
          <w lemma="398">אָכְלָ֥ה</w>
          <w lemma="784">אֵ֖שׁ</w>
          <w lemma="1280">בְּרִיחָֽיִ/ך</w><seg type="x-sof-pasuq">׃</seg> 
        </verse>
        <verse osisID="Nah.3.14">
          <w lemma="4325">מֵ֤י</w>
          <w lemma="4692">מָצוֹר֙</w>
          <w lemma="7579">שַֽׁאֲבִי</w><seg type="x-maqqef">־</seg><w>לָ֔/ךְ</w>
          <w lemma="2388">חַזְּקִ֖י</w>
          <w lemma="4013">מִבְצָרָ֑יִ/ךְ</w>
          <w lemma="935">בֹּ֧אִי</w>
          <w lemma="2916">בַ/טִּ֛יט</w>
          <w lemma="7429">וְ/רִמְסִ֥י</w>
          <w lemma="2563">בַ/חֹ֖מֶר</w>
          <w lemma="2388">הַחֲזִ֥יקִי</w>
          <w lemma="4404">מַלְבֵּֽן</w><seg type="x-sof-pasuq">׃</seg> 
        </verse>
        <verse osisID="Nah.3.15">
          <w lemma="8033">שָׁ֚ם</w>
          <w lemma="398">תֹּאכְלֵ֣/ךְ</w>
          <w lemma="784">אֵ֔שׁ</w>
          <w lemma="3772">תַּכְרִיתֵ֣/ךְ</w>
          <w lemma="2719">חֶ֔רֶב</w>
          <w lemma="398">תֹּאכְלֵ֖/ךְ</w>
          <w lemma="3218">כַּ/יָּ֑לֶק</w>
          <w lemma="3513">הִתְכַּבֵּ֣ד</w>
          <w lemma="3218">כַּ/יֶּ֔לֶק</w>
          <w lemma="3513">הִֽתְכַּבְּדִ֖י</w>
          <w lemma="697">כָּ/אַרְבֶּֽה</w><seg type="x-sof-pasuq">׃</seg> 
        </verse>
        <verse osisID="Nah.3.16">
          <w lemma="7235">הִרְבֵּית֙</w>
          <w lemma="7402">רֹֽכְלַ֔יִ/ךְ</w>
          <w lemma="3556">מִ/כּוֹכְבֵ֖י</w>
          <w lemma="8064">הַ/שָּׁמָ֑יִם</w>
          <w lemma="3218">יֶ֥לֶק</w>
          <w lemma="6584">פָּשַׁ֖ט</w>
          <w lemma="5774">וַ/יָּעֹֽף</w><seg type="x-sof-pasuq">׃</seg> 
        </verse>
        <verse osisID="Nah.3.17">
          <w lemma="4502">מִנְּזָרַ֙יִ/ךְ֙</w>
          <w lemma="697">כָּֽ/אַרְבֶּ֔ה</w>
          <w lemma="2951">וְ/טַפְסְרַ֖יִ/ךְ</w>
          <w lemma="1462">כְּ/ג֣וֹב</w>
          <w lemma="1462">גֹּבָ֑י</w>
          <w lemma="2583">הַֽ/חוֹנִ֤ים</w>
          <w lemma="1448">בַּ/גְּדֵרוֹת֙</w>
          <w lemma="3117">בְּ/י֣וֹם</w>
          <w lemma="7135">קָרָ֔ה</w>
          <w lemma="8121">שֶׁ֤מֶשׁ</w>
          <w lemma="2224">זָֽרְחָה֙</w>
          <w lemma="5074">וְ/נוֹדַ֔ד</w>
          <w lemma="3808">וְ/לֹֽא</w><seg type="x-maqqef">־</seg><w lemma="3045">נוֹדַ֥ע</w>
          <w lemma="4725">מְקוֹמ֖/וֹ</w>
          <w lemma="335">אַיָּֽ/ם</w><seg type="x-sof-pasuq">׃</seg> 
        </verse>
        <verse osisID="Nah.3.18">
          <w lemma="5123">נָמ֤וּ</w>
          <w lemma="7462">רֹעֶ֙י/ךָ֙</w>
          <w lemma="4428">מֶ֣לֶךְ</w>
          <w lemma="804">אַשּׁ֔וּר</w>
          <w lemma="7931">יִשְׁכְּנ֖וּ</w>
          <w lemma="117">אַדִּירֶ֑י/ךָ</w>
          <w lemma="6335">נָפֹ֧שׁוּ</w>
          <w lemma="5971">עַמְּ/ךָ֛</w>
          <w lemma="5921">עַל</w><seg type="x-maqqef">־</seg><w lemma="2022">הֶ/הָרִ֖ים</w>
          <w lemma="369">וְ/אֵ֥ין</w>
          <w lemma="6908">מְקַבֵּֽץ</w><seg type="x-sof-pasuq">׃</seg> 
        </verse>
        <verse osisID="Nah.3.19">
          <w lemma="369">אֵין</w><seg type="x-maqqef">־</seg><w lemma="3545">כֵּהָ֣ה</w>
          <w lemma="7667">לְ/שִׁבְרֶ֔/ךָ</w>
          <w lemma="2470">נַחְלָ֖ה</w>
          <w lemma="4347">מַכָּתֶ֑/ךָ</w>
          <w lemma="3605">כֹּ֣ל</w>
          <seg type="x-paseq">׀</seg> 
          <w lemma="8085">שֹׁמְעֵ֣י</w>
          <w lemma="8088">שִׁמְעֲ/ךָ֗</w>
          <w lemma="8628">תָּ֤קְעוּ</w>
          <w lemma="3709">כַף֙</w>
          <w lemma="5921">עָלֶ֔י/ךָ</w>
          <w lemma="3588">כִּ֗י</w>
          <w lemma="5921">עַל</w><seg type="x-maqqef">־</seg><w lemma="4310">מִ֛י</w>
          <w lemma="3808">לֹֽא</w><seg type="x-maqqef">־</seg><w lemma="5674">עָבְרָ֥ה</w>
          <w lemma="7451">רָעָתְ/ךָ֖</w>
          <w lemma="8548">תָּמִֽיד</w><seg type="x-sof-pasuq">׃</seg> 
        </verse>
      </chapter>
    </div>
  </osisText>
</osis>
