<?xml version="1.0" encoding="utf-8"?>
<osis xmlns:xsi="http://www.w3.org/2001/XMLSchema-instance" xsi:schemaLocation="http://www.bibletechnologies.net/2003/OSIS/namespace http://www.bibletechnologies.net/osisCore.2.1.1.xsd" xmlns="http://www.bibletechnologies.net/2003/OSIS/namespace">
  <osisText xml:lang="he" osisIDWork="WLC">
    <header>
      <revisionDesc resp="dt">
        <date>2008.08.08</date>
        <p>Convert the Westminster Leningrad Codex files from TEI markup to OSIS book files.</p>
      </revisionDesc>
      <work osisWork="WLC" xml:lang="he">
        <title>Westminster Leningrad Codex</title>
        <contributor role="edt">Daniel Owens</contributor>
        <contributor role="edt">David Troidl</contributor>
        <contributor role="edt">Christopher V. Kimball</contributor>
        <date>2007.9.16</date>
        <identifier type="URL">http://www.tanach.us/Tanach.xml</identifier>
        <rights>Public Domain</rights>
      </work>
      <work osisWork="BHS" xml:lang="he">
        <title>BHS unaccented with Strongs</title>
        <contributor role="edt">Joseph Planeta</contributor>
        <contributor role="edt">Rev. Graham Nind</contributor>
        <description>Unaccented Biblia Hebraica Stuttgartensia Hebrew with Strong's numbers by Rev. Graham.</description>
        <identifier type="URL">http://www.faithofgod.net/</identifier>
        <identifier type="URL">http://www.grahamnind.dsl.pipex.com/files</identifier>
        <rights>Public Domain</rights>
      </work>
      <work osisWork="Strong" xml:lang="en">
        <title>A Concise Dictionary of the Words in the Hebrew Bible</title>
        <title type="sub">with their Renderings in the King James Version</title>
        <contributor role="edt">David Troidl</contributor>
        <contributor role="edt">David Instone-Brewer</contributor>
        <creator role="edt">James Strong, LL.D., S.T.D.</creator>
        <date>1894</date>
        <description resp="dib">The data came from several PD sources which were full of errors. I cleaned them by comparing them to each other and (where necessary) looking at the original.</description>
        <publisher>Hunt &amp;amp; Eaton</publisher>
        <identifier type="URL">www.2LetterLookup.com</identifier>
        <source>The exhaustive concordance of the Bible:</source>
        <rights>Public Domain</rights>
      </work>
      <workPrefix path="//w/@lemma" osisWork="Strong" />
    </header>
    <div type="book" osisID="Song">
      <chapter osisID="Song.1">
        <verse osisID="Song.1.1">
          <w lemma="7892">שִׁ֥יר</w>
          <w lemma="7892">הַ/שִּׁירִ֖ים</w>
          <w lemma="834">אֲשֶׁ֥ר</w>
          <w lemma="8010">לִ/שְׁלֹמֹֽה</w><seg type="x-sof-pasuq">׃</seg> 
        </verse>
        <verse osisID="Song.1.2">
          <w lemma="5401">יִשָּׁקֵ֙/נִי֙</w>
          <w lemma="5390">מִ/נְּשִׁיק֣וֹת</w>
          <w lemma="6310">פִּ֔י/הוּ</w>
          <w lemma="3588">כִּֽי</w><seg type="x-maqqef">־</seg><w lemma="2896">טוֹבִ֥ים</w>
          <w lemma="1730">דֹּדֶ֖י/ךָ</w>
          <w lemma="3196">מִ/יָּֽיִן</w><seg type="x-sof-pasuq">׃</seg> 
        </verse>
        <verse osisID="Song.1.3">
          <w lemma="7381">לְ/רֵ֙יחַ֙</w>
          <w lemma="8081">שְׁמָנֶ֣י/ךָ</w>
          <w lemma="2896">טוֹבִ֔ים</w>
          <w lemma="8081">שֶׁ֖מֶן</w>
          <w lemma="7324">תּוּרַ֣ק</w>
          <w lemma="8034">שְׁמֶ֑/ךָ</w>
          <w lemma="5921">עַל</w><seg type="x-maqqef">־</seg><w lemma="3651">כֵּ֖ן</w>
          <w lemma="5959">עֲלָמ֥וֹת</w>
          <w lemma="157">אֲהֵבֽוּ/ךָ</w><seg type="x-sof-pasuq">׃</seg> 
        </verse>
        <verse osisID="Song.1.4">
          <w lemma="4900">מָשְׁכֵ֖/נִי</w>
          <w lemma="310">אַחֲרֶ֣י/ךָ</w>
          <w lemma="7323">נָּר֑וּצָה</w>
          <w lemma="935">הֱבִיאַ֨/נִי</w>
          <w lemma="4428">הַ/מֶּ֜לֶךְ</w>
          <w lemma="2315">חֲדָרָ֗י/ו</w>
          <w lemma="1523">נָגִ֤ילָה</w>
          <w lemma="8055">וְ/נִשְׂמְחָה֙</w>
          <w>בָּ֔/ךְ</w>
          <w lemma="2142">נַזְכִּ֤ירָה</w>
          <w lemma="1730">דֹדֶ֙י/ךָ֙</w>
          <w lemma="3196">מִ/יַּ֔יִן</w>
          <w lemma="4339">מֵישָׁרִ֖ים</w>
          <w lemma="157">אֲהֵבֽוּ/ךָ</w><seg type="x-sof-pasuq">׃</seg> 
          <seg type="x-samekh">ס</seg> 
        </verse>
        <verse osisID="Song.1.5">
          <w lemma="7838">שְׁחוֹרָ֤ה</w>
          <w lemma="589">אֲנִי֙</w>
          <w lemma="5000">וְֽ/נָאוָ֔ה</w>
          <w lemma="1323">בְּנ֖וֹת</w>
          <w lemma="3389">יְרוּשָׁלִָ֑ם</w>
          <w lemma="168">כְּ/אָהֳלֵ֣י</w>
          <w lemma="6938">קֵדָ֔ר</w>
          <w lemma="3407">כִּ/ירִיע֖וֹת</w>
          <w lemma="8010">שְׁלֹמֹֽה</w><seg type="x-sof-pasuq">׃</seg> 
        </verse>
        <verse osisID="Song.1.6">
          <w lemma="408">אַל</w><seg type="x-maqqef">־</seg><w lemma="7200">תִּרְא֙וּ/נִי֙</w>
          <w lemma="589">שֶׁ/אֲנִ֣י</w>
          <w lemma="7840">שְׁחַרְחֹ֔רֶת</w>
          <w lemma="7805">שֶׁ/שֱּׁזָפַ֖תְ/נִי</w>
          <w lemma="8121">הַ/שָּׁ֑מֶשׁ</w>
          <w lemma="1121">בְּנֵ֧י</w>
          <w lemma="517">אִמִּ֣/י</w>
          <w lemma="2787">נִֽחֲרוּ</w><seg type="x-maqqef">־</seg><w>בִ֗/י</w>
          <w lemma="7760">שָׂמֻ֙/נִי֙</w>
          <w lemma="5201">נֹטֵרָ֣ה</w>
          <w lemma="853">אֶת</w><seg type="x-maqqef">־</seg><w lemma="3754">הַ/כְּרָמִ֔ים</w>
          <w lemma="3754">כַּרְמִ֥/י</w>
          <w>שֶׁ/לִּ֖/י</w>
          <w lemma="3808">לֹ֥א</w>
          <w lemma="5201">נָטָֽרְתִּי</w><seg type="x-sof-pasuq">׃</seg> 
        </verse>
        <verse osisID="Song.1.7">
          <w lemma="5046">הַגִּ֣ידָ/ה</w>
          <w>לִּ֗/י</w>
          <w lemma="157">שֶׁ֤/אָהֲבָה֙</w>
          <w lemma="5315">נַפְשִׁ֔/י</w>
          <w lemma="349">אֵיכָ֣ה</w>
          <w lemma="7462">תִרְעֶ֔ה</w>
          <w lemma="349">אֵיכָ֖ה</w>
          <w lemma="7257">תַּרְבִּ֣יץ</w>
          <w lemma="6672">בַּֽ/צָּהֳרָ֑יִם</w>
          <w lemma="4100">שַׁ/לָּ/מָ֤ה</w>
          <w lemma="1961">אֶֽהְיֶה֙</w>
          <w lemma="5844">כְּ/עֹ֣טְיָ֔ה</w>
          <w lemma="5921">עַ֖ל</w>
          <w lemma="5739">עֶדְרֵ֥י</w>
          <w lemma="2270">חֲבֵרֶֽי/ךָ</w><seg type="x-sof-pasuq">׃</seg> 
        </verse>
        <verse osisID="Song.1.8">
          <w lemma="518">אִם</w><seg type="x-maqqef">־</seg><w lemma="3808">לֹ֤א</w>
          <w lemma="3045">תֵדְעִי֙</w>
          <w>לָ֔/ךְ</w>
          <w lemma="3303">הַ/יָּפָ֖ה</w>
          <w lemma="802">בַּ/נָּשִׁ֑ים</w>
          <w lemma="3318">צְֽאִי</w><seg type="x-maqqef">־</seg><w>לָ֞/ךְ</w>
          <w lemma="6119">בְּ/עִקְבֵ֣י</w>
          <w lemma="6629">הַ/צֹּ֗אן</w>
          <w lemma="7462">וּ/רְעִי֙</w>
          <w lemma="853">אֶת</w><seg type="x-maqqef">־</seg><w lemma="1429">גְּדִיֹּתַ֔יִ/ךְ</w>
          <w lemma="5921">עַ֖ל</w>
          <w lemma="4908">מִשְׁכְּנ֥וֹת</w>
          <w lemma="7462">הָ/רֹעִֽים</w><seg type="x-sof-pasuq">׃</seg> 
          <seg type="x-samekh">ס</seg> 
        </verse>
        <verse osisID="Song.1.9">
          <w lemma="5484">לְ/סֻסָתִ/י֙</w>
          <w lemma="7393">בְּ/רִכְבֵ֣י</w>
          <w lemma="6547">פַרְעֹ֔ה</w>
          <w lemma="1819">דִּמִּיתִ֖י/ךְ</w>
          <w lemma="7474">רַעְיָתִֽ/י</w><seg type="x-sof-pasuq">׃</seg> 
        </verse>
        <verse osisID="Song.1.10">
          <w lemma="4998">נָאו֤וּ</w>
          <w lemma="3895">לְחָיַ֙יִ/ךְ֙</w>
          <w lemma="8447">בַּ/תֹּרִ֔ים</w>
          <w lemma="6677">צַוָּארֵ֖/ךְ</w>
          <w lemma="2737">בַּ/חֲרוּזִֽים</w><seg type="x-sof-pasuq">׃</seg> 
        </verse>
        <verse osisID="Song.1.11">
          <w lemma="8447">תּוֹרֵ֤י</w>
          <w lemma="2091">זָהָב֙</w>
          <w lemma="6213">נַעֲשֶׂה</w><seg type="x-maqqef">־</seg><w>לָּ֔/ךְ</w>
          <w lemma="5973">עִ֖ם</w>
          <w lemma="5351">נְקֻדּ֥וֹת</w>
          <w lemma="3701">הַ/כָּֽסֶף</w><seg type="x-sof-pasuq">׃</seg> 
        </verse>
        <verse osisID="Song.1.12">
          <w lemma="5704">עַד</w><seg type="x-maqqef">־</seg><w lemma="4428">שֶׁ֤/הַ/מֶּ֙לֶךְ֙</w>
          <w lemma="4524">בִּ/מְסִבּ֔/וֹ</w>
          <w lemma="5373">נִרְדִּ֖/י</w>
          <w lemma="5414">נָתַ֥ן</w>
          <w lemma="7381">רֵיחֽ/וֹ</w><seg type="x-sof-pasuq">׃</seg> 
        </verse>
        <verse osisID="Song.1.13">
          <w lemma="6872">צְר֨וֹר</w>
          <w lemma="4753">הַ/מֹּ֤ר</w>
          <seg type="x-paseq">׀</seg> 
          <w lemma="1730">דּוֹדִ/י֙</w>
          <w>לִ֔/י</w>
          <w lemma="996">בֵּ֥ין</w>
          <w lemma="7699">שָׁדַ֖/י</w>
          <w lemma="3885">יָלִֽין</w><seg type="x-sof-pasuq">׃</seg> 
        </verse>
        <verse osisID="Song.1.14">
          <w lemma="811">אֶשְׁכֹּ֨ל</w>
          <w lemma="3724">הַ/כֹּ֤פֶר</w>
          <seg type="x-paseq">׀</seg> 
          <w lemma="1730">דּוֹדִ/י֙</w>
          <w>לִ֔/י</w>
          <w lemma="3754">בְּ/כַרְמֵ֖י</w>
          <w>עֵ֥ין</w>
          <w lemma="5872">גֶּֽדִי</w><seg type="x-sof-pasuq">׃</seg> 
          <seg type="x-samekh">ס</seg> 
        </verse>
        <verse osisID="Song.1.15">
          <w lemma="2005">הִנָּ֤/ךְ</w>
          <w lemma="3303">יָפָה֙</w>
          <w lemma="7474">רַעְיָתִ֔/י</w>
          <w lemma="2005">הִנָּ֥/ךְ</w>
          <w lemma="3303">יָפָ֖ה</w>
          <w lemma="5869">עֵינַ֥יִ/ךְ</w>
          <w lemma="3123">יוֹנִֽים</w><seg type="x-sof-pasuq">׃</seg> 
        </verse>
        <verse osisID="Song.1.16">
          <w lemma="2005">הִנְּ/ךָ֨</w>
          <note>We read or understand the cantillation in L differently than BHS (1983 Edition). Often this notation indicates a typographical error in BHS.</note>
          <w lemma="3303">יָפֶ֤ה</w>
          <w lemma="1730">דוֹדִ/י֙</w>
          <w lemma="637">אַ֣ף</w>
          <w lemma="5273">נָעִ֔ים</w>
          <w lemma="637">אַף</w><seg type="x-maqqef">־</seg><w lemma="6210">עַרְשֵׂ֖/נוּ</w>
          <w lemma="7488">רַעֲנָנָֽה</w><seg type="x-sof-pasuq">׃</seg> 
        </verse>
        <verse osisID="Song.1.17">
          <w lemma="6982">קֹר֤וֹת</w>
          <w lemma="1004">בָּתֵּ֙י/נוּ֙</w>
          <w lemma="730">אֲרָזִ֔ים</w>
          <w lemma="7351">רחיט/נו</w><note type="variant"><catchWord>רחיט/נו</catchWord><rdg type="x-qere"><w lemma="7351">רַהִיטֵ֖/נוּ</w></rdg></note>
          <w lemma="1266">בְּרוֹתִֽים</w><seg type="x-sof-pasuq">׃</seg> 
        </verse>
      </chapter>
      <chapter osisID="Song.2">
        <verse osisID="Song.2.1">
          <w lemma="589">אֲנִי֙</w>
          <w lemma="2261">חֲבַצֶּ֣לֶת</w>
          <w lemma="8289">הַ/שָּׁר֔וֹן</w>
          <w lemma="7799">שֽׁוֹשַׁנַּ֖ת</w>
          <w lemma="6010">הָ/עֲמָקִֽים</w><seg type="x-sof-pasuq">׃</seg> 
        </verse>
        <verse osisID="Song.2.2">
          <w lemma="7799">כְּ/שֽׁוֹשַׁנָּה֙</w>
          <w lemma="996">בֵּ֣ין</w>
          <w lemma="2336">הַ/חוֹחִ֔ים</w>
          <w lemma="3651">כֵּ֥ן</w>
          <w lemma="7474">רַעְיָתִ֖/י</w>
          <w lemma="996">בֵּ֥ין</w>
          <w lemma="1323">הַ/בָּנֽוֹת</w><seg type="x-sof-pasuq">׃</seg> 
        </verse>
        <verse osisID="Song.2.3">
          <w lemma="8598">כְּ/תַפּ֙וּחַ֙</w>
          <w lemma="6086">בַּ/עֲצֵ֣י</w>
          <w lemma="3293">הַ/יַּ֔עַר</w>
          <w lemma="3651">כֵּ֥ן</w>
          <w lemma="1730">דּוֹדִ֖/י</w>
          <w lemma="996">בֵּ֣ין</w>
          <w lemma="1121">הַ/בָּנִ֑ים</w>
          <w lemma="6738">בְּ/צִלּ/וֹ֙</w>
          <w lemma="2530">חִמַּ֣דְתִּי</w>
          <w lemma="3427">וְ/יָשַׁ֔בְתִּי</w>
          <w lemma="6529">וּ/פִרְי֖/וֹ</w>
          <w lemma="4966">מָת֥וֹק</w>
          <w lemma="2441">לְ/חִכִּֽ/י</w><seg type="x-sof-pasuq">׃</seg> 
        </verse>
        <verse osisID="Song.2.4">
          <w lemma="935">הֱבִיאַ֙/נִי֙</w>
          <w lemma="413">אֶל</w><seg type="x-maqqef">־</seg><w lemma="1004">בֵּ֣ית</w>
          <w lemma="3196">הַ/יָּ֔יִן</w>
          <w lemma="1714">וְ/דִגְל֥/וֹ</w>
          <w lemma="5921">עָלַ֖/י</w>
          <w lemma="160">אַהֲבָֽה</w><seg type="x-sof-pasuq">׃</seg> 
        </verse>
        <verse osisID="Song.2.5">
          <w lemma="5564">סַמְּכ֙וּ/נִי֙</w>
          <w lemma="809">בָּֽ/אֲשִׁישׁ֔וֹת</w>
          <w lemma="7502">רַפְּד֖וּ/נִי</w>
          <w lemma="8598">בַּ/תַּפּוּחִ֑ים</w>
          <w lemma="3588">כִּי</w><seg type="x-maqqef">־</seg><w lemma="2470">חוֹלַ֥ת</w>
          <w lemma="160">אַהֲבָ֖ה</w>
          <w lemma="589">אָֽנִי</w><seg type="x-sof-pasuq">׃</seg> 
        </verse>
        <verse osisID="Song.2.6">
          <w lemma="8040">שְׂמֹאל/וֹ֙</w>
          <w lemma="8478">תַּ֣חַת</w>
          <w lemma="7218">לְ/רֹאשִׁ֔/י</w>
          <w lemma="3225">וִ/ימִינ֖/וֹ</w>
          <w lemma="2263">תְּחַבְּקֵֽ/נִי</w><seg type="x-sof-pasuq">׃</seg> 
        </verse>
        <verse osisID="Song.2.7">
          <w lemma="7650">הִשְׁבַּ֨עְתִּי</w>
          <w lemma="853">אֶתְ/כֶ֜ם</w>
          <w lemma="1323">בְּנ֤וֹת</w>
          <w lemma="3389">יְרוּשָׁלִַ֙ם֙</w>
          <w lemma="6643">בִּ/צְבָא֔וֹת</w>
          <w lemma="176">א֖וֹ</w>
          <w lemma="355">בְּ/אַיְל֣וֹת</w>
          <w lemma="7704">הַ/שָּׂדֶ֑ה</w>
          <w lemma="518">אִם</w><seg type="x-maqqef">־</seg><w lemma="5782">תָּעִ֧ירוּ</w>
          <seg type="x-paseq">׀</seg> 
          <w lemma="518">וְֽ/אִם</w><seg type="x-maqqef">־</seg><w lemma="5782">תְּעֽוֹרְר֛וּ</w>
          <w lemma="853">אֶת</w><seg type="x-maqqef">־</seg><w lemma="160">הָ/אַהֲבָ֖ה</w>
          <w lemma="5704">עַ֥ד</w>
          <w lemma="2654">שֶׁ/תֶּחְפָּֽץ</w><seg type="x-sof-pasuq">׃</seg> 
          <seg type="x-samekh">ס</seg> 
        </verse>
        <verse osisID="Song.2.8">
          <w lemma="6963">ק֣וֹל</w>
          <w lemma="1730">דּוֹדִ֔/י</w>
          <w lemma="2009">הִנֵּה</w><seg type="x-maqqef">־</seg><w lemma="2088">זֶ֖ה</w>
          <w lemma="935">בָּ֑א</w>
          <w lemma="1801">מְדַלֵּג֙</w>
          <w lemma="5921">עַל</w><seg type="x-maqqef">־</seg><w lemma="2022">הֶ֣/הָרִ֔ים</w>
          <w lemma="7092">מְקַפֵּ֖ץ</w>
          <w lemma="5921">עַל</w><seg type="x-maqqef">־</seg><w lemma="1389">הַ/גְּבָעֽוֹת</w><seg type="x-sof-pasuq">׃</seg> 
        </verse>
        <verse osisID="Song.2.9">
          <w lemma="1819">דּוֹמֶ֤ה</w>
          <w lemma="1730">דוֹדִ/י֙</w>
          <w lemma="6643">לִ/צְבִ֔י</w>
          <w lemma="176">א֖וֹ</w>
          <w lemma="6082">לְ/עֹ֣פֶר</w>
          <w lemma="354">הָֽ/אַיָּלִ֑ים</w>
          <w lemma="2009">הִנֵּה</w><seg type="x-maqqef">־</seg><w lemma="2088">זֶ֤ה</w>
          <w lemma="5975">עוֹמֵד֙</w>
          <w lemma="310">אַחַ֣ר</w>
          <w lemma="3796">כָּתְלֵ֔/נוּ</w>
          <w lemma="7688">מַשְׁגִּ֙יחַ֙</w>
          <w lemma="4480">מִן</w><seg type="x-maqqef">־</seg><w lemma="2474">הַֽ/חֲלֹּנ֔וֹת</w>
          <w lemma="6692">מֵצִ֖יץ</w>
          <w lemma="4480">מִן</w><seg type="x-maqqef">־</seg><w lemma="2762">הַֽ/חֲרַכִּֽים</w><seg type="x-sof-pasuq">׃</seg> 
        </verse>
        <verse osisID="Song.2.10">
          <w lemma="6030">עָנָ֥ה</w>
          <w lemma="1730">דוֹדִ֖/י</w>
          <w lemma="559">וְ/אָ֣מַר</w>
          <w>לִ֑/י</w>
          <w lemma="6965">ק֥וּמִי</w>
          <w>לָ֛/ךְ</w>
          <w lemma="7474">רַעְיָתִ֥/י</w>
          <w lemma="3303">יָפָתִ֖/י</w>
          <w lemma="1980">וּ/לְכִי</w><seg type="x-maqqef">־</seg><w>לָֽ/ךְ</w><seg type="x-sof-pasuq">׃</seg> 
        </verse>
        <verse osisID="Song.2.11">
          <w lemma="3588">כִּֽי</w><seg type="x-maqqef">־</seg><w lemma="2009">הִנֵּ֥ה</w>
          <w lemma="5638">ה/סתו</w><note type="variant"><catchWord>ה/סתו</catchWord><rdg type="x-qere"><w lemma="5638">הַ/סְּתָ֖יו</w></rdg></note>
          <w lemma="5674">עָבָ֑ר</w>
          <w lemma="1653">הַ/גֶּ֕שֶׁם</w>
          <w lemma="2498">חָלַ֖ף</w>
          <w lemma="1980">הָלַ֥ךְ</w>
          <w>לֽ/וֹ</w><seg type="x-sof-pasuq">׃</seg> 
        </verse>
        <verse osisID="Song.2.12">
          <w lemma="5339">הַ/נִּצָּנִים֙</w>
          <w lemma="7200">נִרְא֣וּ</w>
          <w lemma="776">בָ/אָ֔רֶץ</w>
          <w lemma="6256">עֵ֥ת</w>
          <w lemma="2158">הַ/זָּמִ֖יר</w>
          <w lemma="5060">הִגִּ֑יעַ</w>
          <w lemma="6963">וְ/ק֥וֹל</w>
          <w lemma="8449">הַ/תּ֖וֹר</w>
          <w lemma="8085">נִשְׁמַ֥ע</w>
          <w lemma="776">בְּ/אַרְצֵֽ/נוּ</w><seg type="x-sof-pasuq">׃</seg> 
        </verse>
        <verse osisID="Song.2.13">
          <w lemma="8384">הַ/תְּאֵנָה֙</w>
          <w lemma="2590">חָֽנְטָ֣ה</w>
          <w lemma="6291">פַגֶּ֔י/הָ</w>
          <w lemma="1612">וְ/הַ/גְּפָנִ֥ים</w>
          <seg type="x-paseq">׀</seg> 
          <w lemma="5563">סְמָדַ֖ר</w>
          <w lemma="5414">נָ֣תְנוּ</w>
          <w lemma="7381">רֵ֑יחַ</w>
          <w lemma="6965">ק֥וּמִי</w>
          <w lemma="1980">לכי</w><note type="variant"><catchWord>לכי</catchWord><rdg type="x-qere"><w lemma="1980">לָ֛/ךְ</w></rdg></note>
          <w lemma="7474">רַעְיָתִ֥/י</w>
          <w lemma="3303">יָפָתִ֖/י</w>
          <w lemma="1980">וּ/לְכִי</w><seg type="x-maqqef">־</seg><w>לָֽ/ךְ</w><seg type="x-sof-pasuq">׃</seg> 
          <seg type="x-samekh">ס</seg> 
        </verse>
        <verse osisID="Song.2.14">
          <w lemma="3123">יוֹנָתִ֞/י</w>
          <w lemma="2288">בְּ/חַגְוֵ֣י</w>
          <w lemma="5553">הַ/סֶּ֗לַע</w>
          <w lemma="5643">בְּ/סֵ֙תֶר֙</w>
          <w lemma="4095">הַ/מַּדְרֵגָ֔ה</w>
          <w lemma="7200">הַרְאִ֙י/נִי֙</w>
          <w lemma="853">אֶתּ</w><seg type="x-maqqef">־</seg><w lemma="4758">מַרְאַ֔יִ/ךְ</w>
          <note>Marks a place where we agree with BHQ against BHS in reading L. (Currently occurs only with note ']t'.)</note>
          <note>We read one or more consonants, vowels or punctuation (Maqqef, Dagesh or Mappiq) in L differently from BHS (1997). This is similar to the note ']c', but the latter  refers to the accents. The older note ']3' encompasses the new uses of ']c', ']p' and ']t'.</note>
          <w lemma="8085">הַשְׁמִיעִ֖י/נִי</w>
          <w lemma="853">אֶת</w><seg type="x-maqqef">־</seg><w lemma="6963">קוֹלֵ֑/ךְ</w>
          <w lemma="3588">כִּי</w><seg type="x-maqqef">־</seg><w lemma="6963">קוֹלֵ֥/ךְ</w>
          <w lemma="6156">עָרֵ֖ב</w>
          <w lemma="4758">וּ/מַרְאֵ֥י/ךְ</w>
          <w lemma="5000">נָאוֶֽה</w><seg type="x-sof-pasuq">׃</seg> 
          <seg type="x-samekh">ס</seg> 
        </verse>
        <verse osisID="Song.2.15">
          <w lemma="270">אֶֽחֱזוּ</w><seg type="x-maqqef">־</seg><w>לָ֙/נוּ֙</w>
          <w lemma="7776">שֽׁוּעָלִ֔ים</w>
          <w lemma="7776">שֽׁוּעָלִ֥ים</w>
          <w lemma="6996">קְטַנִּ֖ים</w>
          <w lemma="2254">מְחַבְּלִ֣ים</w>
          <w lemma="3754">כְּרָמִ֑ים</w>
          <w lemma="3754">וּ/כְרָמֵ֖י/נוּ</w>
          <w lemma="5563">סְמָדַֽר</w><seg type="x-sof-pasuq">׃</seg> 
        </verse>
        <verse osisID="Song.2.16">
          <w lemma="1730">דּוֹדִ֥/י</w>
          <w>לִ/י֙</w>
          <w lemma="589">וַ/אֲנִ֣י</w>
          <w>ל֔/וֹ</w>
          <w lemma="7462">הָ/רֹעֶ֖ה</w>
          <w lemma="7799">בַּ/שּׁוֹשַׁנִּֽים</w><seg type="x-sof-pasuq">׃</seg> 
        </verse>
        <verse osisID="Song.2.17">
          <w lemma="5704">עַ֤ד</w>
          <w lemma="6315">שֶׁ/יָּפ֙וּחַ֙</w>
          <w lemma="3117">הַ/יּ֔וֹם</w>
          <w lemma="5127">וְ/נָ֖סוּ</w>
          <w lemma="6752">הַ/צְּלָלִ֑ים</w>
          <w lemma="5437">סֹב֩</w>
          <w lemma="1819">דְּמֵה</w><seg type="x-maqqef">־</seg><w>לְ/ךָ֨</w>
          <note>We read or understand the cantillation in L differently than BHS (1983 Edition). Often this notation indicates a typographical error in BHS.</note>
          <w lemma="1730">דוֹדִ֜/י</w>
          <w lemma="6643">לִ/צְבִ֗י</w>
          <w lemma="176">א֛וֹ</w>
          <w lemma="6082">לְ/עֹ֥פֶר</w>
          <w lemma="354">הָ/אַיָּלִ֖ים</w>
          <w lemma="5921">עַל</w><seg type="x-maqqef">־</seg><w lemma="2022">הָ֥רֵי</w>
          <w lemma="1335">בָֽתֶר</w><seg type="x-sof-pasuq">׃</seg> 
          <seg type="x-samekh">ס</seg> 
        </verse>
      </chapter>
      <chapter osisID="Song.3">
        <verse osisID="Song.3.1">
          <w lemma="5921">עַל</w><seg type="x-maqqef">־</seg><w lemma="4904">מִשְׁכָּבִ/י֙</w>
          <w lemma="3915">בַּ/לֵּיל֔וֹת</w>
          <w lemma="1245">בִּקַּ֕שְׁתִּי</w>
          <w lemma="853">אֵ֥ת</w>
          <w lemma="157">שֶׁ/אָהֲבָ֖ה</w>
          <w lemma="5315">נַפְשִׁ֑/י</w>
          <w lemma="1245">בִּקַּשְׁתִּ֖י/ו</w>
          <w lemma="3808">וְ/לֹ֥א</w>
          <w lemma="4672">מְצָאתִֽי/ו</w><seg type="x-sof-pasuq">׃</seg> 
        </verse>
        <verse osisID="Song.3.2">
          <w lemma="6965">אָק֨וּמָה</w>
          <w lemma="4994">נָּ֜א</w>
          <w lemma="5437">וַ/אֲסוֹבְבָ֣ה</w>
          <w lemma="5892">בָ/עִ֗יר</w>
          <w lemma="7784">בַּ/שְּׁוָקִים֙</w>
          <w lemma="7339">וּ/בָ֣/רְחֹב֔וֹת</w>
          <w lemma="1245">אֲבַקְשָׁ֕ה</w>
          <w lemma="853">אֵ֥ת</w>
          <w lemma="157">שֶׁ/אָהֲבָ֖ה</w>
          <w lemma="5315">נַפְשִׁ֑/י</w>
          <w lemma="1245">בִּקַּשְׁתִּ֖י/ו</w>
          <w lemma="3808">וְ/לֹ֥א</w>
          <w lemma="4672">מְצָאתִֽי/ו</w><seg type="x-sof-pasuq">׃</seg> 
        </verse>
        <verse osisID="Song.3.3">
          <w lemma="4672">מְצָא֙וּ/נִי֙</w>
          <w lemma="8104">הַ/שֹּׁ֣מְרִ֔ים</w>
          <w lemma="5437">הַ/סֹּבְבִ֖ים</w>
          <w lemma="5892">בָּ/עִ֑יר</w>
          <w lemma="853">אֵ֛ת</w>
          <w lemma="157">שֶׁ/אָהֲבָ֥ה</w>
          <w lemma="5315">נַפְשִׁ֖/י</w>
          <w lemma="7200">רְאִיתֶֽם</w><seg type="x-sof-pasuq">׃</seg> 
        </verse>
        <verse osisID="Song.3.4">
          <w lemma="4592">כִּ/מְעַט֙</w>
          <w lemma="5674">שֶׁ/עָבַ֣רְתִּי</w>
          <w lemma="1992">מֵ/הֶ֔ם</w>
          <w lemma="5704">עַ֣ד</w>
          <w lemma="4672">שֶֽׁ/מָּצָ֔אתִי</w>
          <w lemma="853">אֵ֥ת</w>
          <w lemma="157">שֶׁ/אָהֲבָ֖ה</w>
          <w lemma="5315">נַפְשִׁ֑/י</w>
          <w lemma="270">אֲחַזְתִּי/ו֙</w>
          <w lemma="3808">וְ/לֹ֣א</w>
          <w lemma="7503">אַרְפֶּ֔/נּוּ</w>
          <w lemma="5704">עַד</w><seg type="x-maqqef">־</seg><w lemma="935">שֶׁ֤/הֲבֵיאתִי/ו֙</w>
          <w lemma="413">אֶל</w><seg type="x-maqqef">־</seg><w lemma="1004">בֵּ֣ית</w>
          <w lemma="517">אִמִּ֔/י</w>
          <w lemma="413">וְ/אֶל</w><seg type="x-maqqef">־</seg><w lemma="2315">חֶ֖דֶר</w>
          <w lemma="2029">הוֹרָתִֽ/י</w><seg type="x-sof-pasuq">׃</seg> 
        </verse>
        <verse osisID="Song.3.5">
          <w lemma="7650">הִשְׁבַּ֨עְתִּי</w>
          <w lemma="853">אֶתְ/כֶ֜ם</w>
          <w lemma="1323">בְּנ֤וֹת</w>
          <w lemma="3389">יְרוּשָׁלִַ֙ם֙</w>
          <w lemma="6643">בִּ/צְבָא֔וֹת</w>
          <w lemma="176">א֖וֹ</w>
          <w lemma="355">בְּ/אַיְל֣וֹת</w>
          <w lemma="7704">הַ/שָּׂדֶ֑ה</w>
          <w lemma="518">אִם</w><seg type="x-maqqef">־</seg><w lemma="5782">תָּעִ֧ירוּ</w>
          <seg type="x-paseq">׀</seg> 
          <w lemma="518">וְֽ/אִם</w><seg type="x-maqqef">־</seg><w lemma="5782">תְּעֽוֹרְר֛וּ</w>
          <w lemma="853">אֶת</w><seg type="x-maqqef">־</seg><w lemma="160">הָ/אַהֲבָ֖ה</w>
          <w lemma="5704">עַ֥ד</w>
          <w lemma="2654">שֶׁ/תֶּחְפָּֽץ</w><seg type="x-sof-pasuq">׃</seg> 
          <seg type="x-samekh">ס</seg> 
        </verse>
        <verse osisID="Song.3.6">
          <w lemma="4310">מִ֣י</w>
          <w lemma="2063">זֹ֗את</w>
          <w lemma="5927">עֹלָה֙</w>
          <w lemma="4480">מִן</w><seg type="x-maqqef">־</seg><w lemma="4057">הַ/מִּדְבָּ֔ר</w>
          <w lemma="8490">כְּ/תִֽימֲר֖וֹת</w>
          <w lemma="6227">עָשָׁ֑ן</w>
          <w lemma="6999">מְקֻטֶּ֤רֶת</w>
          <w lemma="4753">מוֹר֙</w>
          <w lemma="3828">וּ/לְבוֹנָ֔ה</w>
          <w lemma="3605">מִ/כֹּ֖ל</w>
          <w lemma="81">אַבְקַ֥ת</w>
          <w lemma="7402">רוֹכֵֽל</w><seg type="x-sof-pasuq">׃</seg> 
        </verse>
        <verse osisID="Song.3.7">
          <w lemma="2009">הִנֵּ֗ה</w>
          <w lemma="4296">מִטָּת/וֹ֙</w>
          <w lemma="8010">שֶׁ/לִּ/שְׁלֹמֹ֔ה</w>
          <w lemma="8346">שִׁשִּׁ֥ים</w>
          <w lemma="1368">גִּבֹּרִ֖ים</w>
          <w lemma="5439">סָבִ֣יב</w>
          <w>לָ֑/הּ</w>
          <w lemma="1368">מִ/גִּבֹּרֵ֖י</w>
          <w lemma="3478">יִשְׂרָאֵֽל</w><seg type="x-sof-pasuq">׃</seg> 
        </verse>
        <verse osisID="Song.3.8">
          <w lemma="3605">כֻּלָּ/ם֙</w>
          <note>We read or understand L differently than BHS (1983 Edition). Often this notation indicates a typographical error in BHS.</note>
          <w lemma="270">אֲחֻ֣זֵי</w>
          <w lemma="2719">חֶ֔רֶב</w>
          <w lemma="3925">מְלֻמְּדֵ֖י</w>
          <w lemma="4421">מִלְחָמָ֑ה</w>
          <w lemma="376">אִ֤ישׁ</w>
          <w lemma="2719">חַרְבּ/וֹ֙</w>
          <w lemma="5921">עַל</w><seg type="x-maqqef">־</seg><w lemma="3409">יְרֵכ֔/וֹ</w>
          <w lemma="6343">מִ/פַּ֖חַד</w>
          <w lemma="3915">בַּ/לֵּילּֽוֹת</w><seg type="x-sof-pasuq">׃</seg> 
          <note>Marks a place where we agree with BHQ against BHS in reading L. (Currently occurs only with note ']t'.)</note>
          <note>We read one or more consonants, vowels or punctuation (Maqqef, Dagesh or Mappiq) in L differently from BHS (1997). This is similar to the note ']c', but the latter  refers to the accents. The older note ']3' encompasses the new uses of ']c', ']p' and ']t'.</note>
          <seg type="x-samekh">ס</seg> 
        </verse>
        <verse osisID="Song.3.9">
          <w lemma="668">אַפִּרְי֗וֹן</w>
          <w lemma="6213">עָ֤שָׂה</w>
          <w>ל/וֹ֙</w>
          <w lemma="4428">הַ/מֶּ֣לֶךְ</w>
          <w lemma="8010">שְׁלֹמֹ֔ה</w>
          <w lemma="6086">מֵ/עֲצֵ֖י</w>
          <w lemma="3844">הַ/לְּבָנֽוֹן</w><seg type="x-sof-pasuq">׃</seg> 
        </verse>
        <verse osisID="Song.3.10">
          <w lemma="5982">עַמּוּדָי/ו֙</w>
          <w lemma="6213">עָ֣שָׂה</w>
          <w lemma="3701">כֶ֔סֶף</w>
          <w lemma="7507">רְפִידָת֣/וֹ</w>
          <w lemma="2091">זָהָ֔ב</w>
          <w lemma="4817">מֶרְכָּב֖/וֹ</w>
          <w lemma="713">אַרְגָּמָ֑ן</w>
          <w lemma="8432">תּוֹכ/וֹ֙</w>
          <w lemma="7528">רָצ֣וּף</w>
          <w lemma="160">אַהֲבָ֔ה</w>
          <w lemma="1323">מִ/בְּנ֖וֹת</w>
          <w lemma="3389">יְרוּשָׁלִָֽם</w><seg type="x-sof-pasuq">׃</seg> 
        </verse>
        <verse osisID="Song.3.11">
          <w lemma="3318">צְאֶ֧ינָה</w>
          <seg type="x-paseq">׀</seg> 
          <w lemma="7200">וּֽ/רְאֶ֛ינָה</w>
          <w lemma="1323">בְּנ֥וֹת</w>
          <w lemma="6726">צִיּ֖וֹן</w>
          <w lemma="4428">בַּ/מֶּ֣לֶךְ</w>
          <w lemma="8010">שְׁלֹמֹ֑ה</w>
          <w lemma="5850">בָּ/עֲטָרָ֗ה</w>
          <w lemma="5849">שֶׁ/עִטְּרָה</w><seg type="x-maqqef">־</seg><w>לּ֤/וֹ</w>
          <w lemma="517">אִמּ/וֹ֙</w>
          <w lemma="3117">בְּ/י֣וֹם</w>
          <w lemma="2861">חֲתֻנָּת֔/וֹ</w>
          <w lemma="3117">וּ/בְ/י֖וֹם</w>
          <w lemma="8057">שִׂמְחַ֥ת</w>
          <w lemma="3820">לִבּֽ/וֹ</w><seg type="x-sof-pasuq">׃</seg> 
          <seg type="x-samekh">ס</seg> 
        </verse>
      </chapter>
      <chapter osisID="Song.4">
        <verse osisID="Song.4.1">
          <w lemma="2005">הִנָּ֨/ךְ</w>
          <w lemma="3303">יָפָ֤ה</w>
          <w lemma="7474">רַעְיָתִ/י֙</w>
          <w lemma="2005">הִנָּ֣/ךְ</w>
          <w lemma="3303">יָפָ֔ה</w>
          <w lemma="5869">עֵינַ֣יִ/ךְ</w>
          <w lemma="3123">יוֹנִ֔ים</w>
          <w lemma="1157">מִ/בַּ֖עַד</w>
          <w lemma="6777">לְ/צַמָּתֵ֑/ךְ</w>
          <w lemma="8181">שַׂעְרֵ/ךְ֙</w>
          <w lemma="5739">כְּ/עֵ֣דֶר</w>
          <w lemma="5795">הָֽ/עִזִּ֔ים</w>
          <w lemma="1570">שֶׁ/גָּלְשׁ֖וּ</w>
          <w lemma="2022">מֵ/הַ֥ר</w>
          <w lemma="1568">גִּלְעָֽד</w><seg type="x-sof-pasuq">׃</seg> 
        </verse>
        <verse osisID="Song.4.2">
          <w lemma="8127">שִׁנַּ֙יִ/ךְ֙</w>
          <w lemma="5739">כְּ/עֵ֣דֶר</w>
          <w lemma="7094">הַ/קְּצוּב֔וֹת</w>
          <w lemma="5927">שֶׁ/עָל֖וּ</w>
          <w lemma="4480">מִן</w><seg type="x-maqqef">־</seg><w lemma="7367">הָ/רַחְצָ֑ה</w>
          <w lemma="3605">שֶׁ/כֻּלָּ/ם֙</w>
          <w lemma="8382">מַתְאִימ֔וֹת</w>
          <w lemma="7909">וְ/שַׁכֻּלָ֖ה</w>
          <w lemma="369">אֵ֥ין</w>
          <w>בָּ/הֶֽם</w><seg type="x-sof-pasuq">׃</seg> 
        </verse>
        <verse osisID="Song.4.3">
          <w lemma="2339">כְּ/ח֤וּט</w>
          <w lemma="8144">הַ/שָּׁנִי֙</w>
          <w lemma="8193">שִׂפְתֹתַ֔יִ/ךְ</w>
          <w lemma="4057">וּ/מִדְבָּרֵ֖י/ךְ</w>
          <w lemma="5000">נָאוֶ֑ה</w>
          <w lemma="6400">כְּ/פֶ֤לַח</w>
          <w lemma="7416">הָֽ/רִמּוֹן֙</w>
          <w lemma="7541">רַקָּתֵ֔/ךְ</w>
          <w lemma="1157">מִ/בַּ֖עַד</w>
          <w lemma="6777">לְ/צַמָּתֵֽ/ךְ</w><seg type="x-sof-pasuq">׃</seg> 
        </verse>
        <verse osisID="Song.4.4">
          <w lemma="4026">כְּ/מִגְדַּ֤ל</w>
          <w lemma="1732">דָּוִיד֙</w>
          <w lemma="6677">צַוָּארֵ֔/ךְ</w>
          <w lemma="1129">בָּנ֖וּי</w>
          <w lemma="8530">לְ/תַלְפִּיּ֑וֹת</w>
          <w lemma="505">אֶ֤לֶף</w>
          <w lemma="4043">הַ/מָּגֵן֙</w>
          <w lemma="8518">תָּל֣וּי</w>
          <w lemma="5921">עָלָ֔י/ו</w>
          <w lemma="3605">כֹּ֖ל</w>
          <w lemma="7982">שִׁלְטֵ֥י</w>
          <w lemma="1368">הַ/גִּבּוֹרִֽים</w><seg type="x-sof-pasuq">׃</seg> 
        </verse>
        <verse osisID="Song.4.5">
          <w lemma="8147">שְׁנֵ֥י</w>
          <w lemma="7699">שָׁדַ֛יִ/ךְ</w>
          <w lemma="8147">כִּ/שְׁנֵ֥י</w>
          <w lemma="6082">עֳפָרִ֖ים</w>
          <w lemma="8380">תְּאוֹמֵ֣י</w>
          <w lemma="6646">צְבִיָּ֑ה</w>
          <w lemma="7462">הָ/רוֹעִ֖ים</w>
          <w lemma="7799">בַּ/שּׁוֹשַׁנִּֽים</w><seg type="x-sof-pasuq">׃</seg> 
        </verse>
        <verse osisID="Song.4.6">
          <w lemma="5704">עַ֤ד</w>
          <w lemma="6315">שֶׁ/יָּפ֙וּחַ֙</w>
          <w lemma="3117">הַ/יּ֔וֹם</w>
          <w lemma="5127">וְ/נָ֖סוּ</w>
          <w lemma="6752">הַ/צְּלָלִ֑ים</w>
          <w lemma="1980">אֵ֤לֶךְ</w>
          <w>לִ/י֙</w>
          <w lemma="413">אֶל</w><seg type="x-maqqef">־</seg><w lemma="2022">הַ֣ר</w>
          <w lemma="4753">הַ/מּ֔וֹר</w>
          <w lemma="413">וְ/אֶל</w><seg type="x-maqqef">־</seg><w lemma="1389">גִּבְעַ֖ת</w>
          <w lemma="3828">הַ/לְּבוֹנָֽה</w><seg type="x-sof-pasuq">׃</seg> 
        </verse>
        <verse osisID="Song.4.7">
          <w lemma="3605">כֻּלָּ֤/ךְ</w>
          <w lemma="3303">יָפָה֙</w>
          <w lemma="7474">רַעְיָתִ֔/י</w>
          <w lemma="3971">וּ/מ֖וּם</w>
          <w lemma="369">אֵ֥ין</w>
          <w>בָּֽ/ךְ</w><seg type="x-sof-pasuq">׃</seg> 
          <seg type="x-samekh">ס</seg> 
        </verse>
        <verse osisID="Song.4.8">
          <w lemma="854">אִתִּ֤/י</w>
          <w lemma="3844">מִ/לְּבָנוֹן֙</w>
          <w lemma="3618">כַּלָּ֔ה</w>
          <w lemma="854">אִתִּ֖/י</w>
          <w lemma="3844">מִ/לְּבָנ֣וֹן</w>
          <w lemma="935">תָּב֑וֹאִי</w>
          <w lemma="7789">תָּשׁ֣וּרִי</w>
          <seg type="x-paseq">׀</seg> 
          <w lemma="7218">מֵ/רֹ֣אשׁ</w>
          <w lemma="549">אֲמָנָ֗ה</w>
          <w lemma="7218">מֵ/רֹ֤אשׁ</w>
          <w lemma="8149">שְׂנִיר֙</w>
          <w lemma="2768">וְ/חֶרְמ֔וֹן</w>
          <w lemma="4585">מִ/מְּעֹנ֣וֹת</w>
          <w lemma="738">אֲרָי֔וֹת</w>
          <w lemma="2042">מֵֽ/הַרְרֵ֖י</w>
          <w lemma="5246">נְמֵרִֽים</w><seg type="x-sof-pasuq">׃</seg> 
        </verse>
        <verse osisID="Song.4.9">
          <w lemma="3823">לִבַּבְתִּ֖/נִי</w>
          <w lemma="269">אֲחֹתִ֣/י</w>
          <w lemma="3618">כַלָּ֑ה</w>
          <w lemma="3823">לִבַּבְתִּ֙י/נִי֙</w>
          <w lemma="259">ב/אחד</w><note type="variant"><catchWord>ב/אחד</catchWord><rdg type="x-qere"><w lemma="259">בְּ/אַחַ֣ת</w></rdg></note>
          <w lemma="5869">מֵ/עֵינַ֔יִ/ךְ</w>
          <w lemma="259">בְּ/אַחַ֥ד</w>
          <w lemma="6060">עֲנָ֖ק</w>
          <w lemma="6677">מִ/צַּוְּרֹנָֽיִ/ךְ</w><seg type="x-sof-pasuq">׃</seg> 
        </verse>
        <verse osisID="Song.4.10">
          <w lemma="4100">מַה</w><seg type="x-maqqef">־</seg><w lemma="3302">יָּפ֥וּ</w>
          <w lemma="1730">דֹדַ֖יִ/ךְ</w>
          <w lemma="269">אֲחֹתִ֣/י</w>
          <w lemma="3618">כַלָּ֑ה</w>
          <w lemma="4100">מַה</w><seg type="x-maqqef">־</seg><w lemma="2895">טֹּ֤בוּ</w>
          <w lemma="1730">דֹדַ֙יִ/ךְ֙</w>
          <w lemma="3196">מִ/יַּ֔יִן</w>
          <w lemma="7381">וְ/רֵ֥יחַ</w>
          <w lemma="8081">שְׁמָנַ֖יִ/ךְ</w>
          <w lemma="3605">מִ/כָּל</w><seg type="x-maqqef">־</seg><w lemma="1314">בְּשָׂמִֽים</w><seg type="x-sof-pasuq">׃</seg> 
        </verse>
        <verse osisID="Song.4.11">
          <w lemma="5317">נֹ֛פֶת</w>
          <w lemma="5197">תִּטֹּ֥פְנָה</w>
          <w lemma="8193">שִׂפְתוֹתַ֖יִ/ךְ</w>
          <w lemma="3618">כַּלָּ֑ה</w>
          <w lemma="1706">דְּבַ֤שׁ</w>
          <w lemma="2461">וְ/חָלָב֙</w>
          <w lemma="8478">תַּ֣חַת</w>
          <w lemma="3956">לְשׁוֹנֵ֔/ךְ</w>
          <w lemma="7381">וְ/רֵ֥יחַ</w>
          <w lemma="8008">שַׂלְמֹתַ֖יִ/ךְ</w>
          <w lemma="7381">כְּ/רֵ֥יחַ</w>
          <w lemma="3844">לְבָנֽוֹן</w><seg type="x-sof-pasuq">׃</seg> 
          <seg type="x-samekh">ס</seg> 
        </verse>
        <verse osisID="Song.4.12">
          <w lemma="1588">גַּ֥ן</w>
          <seg type="x-paseq">׀</seg> 
          <w lemma="5274">נָע֖וּל</w>
          <w lemma="269">אֲחֹתִ֣/י</w>
          <w lemma="3618">כַלָּ֑ה</w>
          <w lemma="1530">גַּ֥ל</w>
          <w lemma="5274">נָע֖וּל</w>
          <w lemma="4599">מַעְיָ֥ן</w>
          <w lemma="2856">חָתֽוּם</w><seg type="x-sof-pasuq">׃</seg> 
        </verse>
        <verse osisID="Song.4.13">
          <w lemma="7973">שְׁלָחַ֙יִ/ךְ֙</w>
          <w lemma="6508">פַּרְדֵּ֣ס</w>
          <w lemma="7416">רִמּוֹנִ֔ים</w>
          <w lemma="5973">עִ֖ם</w>
          <w lemma="6529">פְּרִ֣י</w>
          <w lemma="4022">מְגָדִ֑ים</w>
          <w lemma="3724">כְּפָרִ֖ים</w>
          <w lemma="5973">עִם</w><seg type="x-maqqef">־</seg><w lemma="5373">נְרָדִֽים</w><seg type="x-sof-pasuq">׃</seg> 
        </verse>
        <verse osisID="Song.4.14">
          <w lemma="5373">נֵ֣רְדְּ</w>
          <seg type="x-paseq">׀</seg> 
          <w lemma="3750">וְ/כַרְכֹּ֗ם</w>
          <w lemma="7070">קָנֶה֙</w>
          <w lemma="7076">וְ/קִנָּמ֔וֹן</w>
          <w lemma="5973">עִ֖ם</w>
          <w lemma="3605">כָּל</w><seg type="x-maqqef">־</seg><w lemma="6086">עֲצֵ֣י</w>
          <w lemma="3828">לְבוֹנָ֑ה</w>
          <w lemma="4753">מֹ֚ר</w>
          <w lemma="174">וַ/אֲהָל֔וֹת</w>
          <w lemma="5973">עִ֖ם</w>
          <w lemma="3605">כָּל</w><seg type="x-maqqef">־</seg><w lemma="7218">רָאשֵׁ֥י</w>
          <w lemma="1314">בְשָׂמִֽים</w><seg type="x-sof-pasuq">׃</seg> 
        </verse>
        <verse osisID="Song.4.15">
          <w lemma="4599">מַעְיַ֣ן</w>
          <w lemma="1588">גַּנִּ֔ים</w>
          <w lemma="875">בְּאֵ֖ר</w>
          <w lemma="4325">מַ֣יִם</w>
          <w lemma="2416">חַיִּ֑ים</w>
          <w lemma="5140">וְ/נֹזְלִ֖ים</w>
          <w lemma="4480">מִן</w><seg type="x-maqqef">־</seg><w lemma="3844">לְבָנֽוֹן</w><seg type="x-sof-pasuq">׃</seg> 
        </verse>
        <verse osisID="Song.4.16">
          <w lemma="5782">ע֤וּרִי</w>
          <w lemma="6828">צָפוֹן֙</w>
          <w lemma="935">וּ/ב֣וֹאִי</w>
          <w lemma="8486">תֵימָ֔ן</w>
          <w lemma="6315">הָפִ֥יחִי</w>
          <w lemma="1588">גַנִּ֖/י</w>
          <w lemma="5140">יִזְּל֣וּ</w>
          <w lemma="1314">בְשָׂמָ֑י/ו</w>
          <w lemma="935">יָבֹ֤א</w>
          <w lemma="1730">דוֹדִ/י֙</w>
          <w lemma="1588">לְ/גַנּ֔/וֹ</w>
          <w lemma="398">וְ/יֹאכַ֖ל</w>
          <w lemma="6529">פְּרִ֥י</w>
          <w lemma="4022">מְגָדָֽי/ו</w><seg type="x-sof-pasuq">׃</seg> 
        </verse>
      </chapter>
      <chapter osisID="Song.5">
        <verse osisID="Song.5.1">
          <w lemma="935">בָּ֣אתִי</w>
          <w lemma="1588">לְ/גַנִּ/י֮</w>
          <w lemma="269">אֲחֹתִ֣/י</w>
          <w lemma="3618">כַלָּה֒</w>
          <w lemma="717">אָרִ֤יתִי</w>
          <w lemma="4753">מוֹרִ/י֙</w>
          <w lemma="5973">עִם</w><seg type="x-maqqef">־</seg><w lemma="1314">בְּשָׂמִ֔/י</w>
          <w lemma="398">אָכַ֤לְתִּי</w>
          <w lemma="3293">יַעְרִ/י֙</w>
          <w lemma="5973">עִם</w><seg type="x-maqqef">־</seg><w lemma="1706">דִּבְשִׁ֔/י</w>
          <w lemma="8354">שָׁתִ֥יתִי</w>
          <w lemma="3196">יֵינִ֖/י</w>
          <w lemma="5973">עִם</w><seg type="x-maqqef">־</seg><w lemma="2461">חֲלָבִ֑/י</w>
          <w lemma="398">אִכְל֣וּ</w>
          <w lemma="7453">רֵעִ֔ים</w>
          <w lemma="8354">שְׁת֥וּ</w>
          <w lemma="7937">וְ/שִׁכְר֖וּ</w>
          <w lemma="1730">דּוֹדִֽים</w><seg type="x-sof-pasuq">׃</seg> 
          <seg type="x-samekh">ס</seg> 
        </verse>
        <verse osisID="Song.5.2">
          <w lemma="589">אֲנִ֥י</w>
          <w lemma="3462">יְשֵׁנָ֖ה</w>
          <w lemma="3820">וְ/לִבִּ֣/י</w>
          <w lemma="5782">עֵ֑ר</w>
          <w lemma="6963">ק֣וֹל</w>
          <seg type="x-paseq">׀</seg> 
          <w lemma="1730">דּוֹדִ֣/י</w>
          <w lemma="1849">דוֹפֵ֗ק</w>
          <w lemma="6605">פִּתְחִי</w><seg type="x-maqqef">־</seg><w>לִ֞/י</w>
          <w lemma="269">אֲחֹתִ֤/י</w>
          <w lemma="7474">רַעְיָתִ/י֙</w>
          <w lemma="3123">יוֹנָתִ֣/י</w>
          <w lemma="8535">תַמָּתִ֔/י</w>
          <w lemma="7218">שֶׁ/רֹּאשִׁ/י֙</w>
          <w lemma="4390">נִמְלָא</w><seg type="x-maqqef">־</seg><w lemma="2919">טָ֔ל</w>
          <w lemma="6977">קְוֻּצּוֹתַ֖/י</w>
          <w lemma="7447">רְסִ֥יסֵי</w>
          <w lemma="3915">לָֽיְלָה</w><seg type="x-sof-pasuq">׃</seg> 
        </verse>
        <verse osisID="Song.5.3">
          <w lemma="6584">פָּשַׁ֙טְתִּי֙</w>
          <w lemma="853">אֶת</w><seg type="x-maqqef">־</seg><w lemma="3801">כֻּתָּנְתִּ֔/י</w>
          <w lemma="349">אֵיכָ֖כָה</w>
          <w lemma="3847">אֶלְבָּשֶׁ֑/נָּה</w>
          <w lemma="7364">רָחַ֥צְתִּי</w>
          <w lemma="853">אֶת</w><seg type="x-maqqef">־</seg><w lemma="7272">רַגְלַ֖/י</w>
          <w lemma="349">אֵיכָ֥כָה</w>
          <w lemma="2936">אֲטַנְּפֵֽ/ם</w><seg type="x-sof-pasuq">׃</seg> 
        </verse>
        <verse osisID="Song.5.4">
          <w lemma="1730">דּוֹדִ֗/י</w>
          <w lemma="7971">שָׁלַ֤ח</w>
          <w lemma="3027">יָד/וֹ֙</w>
          <w lemma="4480">מִן</w><seg type="x-maqqef">־</seg><w lemma="2356">הַ/חֹ֔ר</w>
          <w lemma="4578">וּ/מֵעַ֖/י</w>
          <w lemma="1993">הָמ֥וּ</w>
          <w lemma="5921">עָלָֽי/ו</w><seg type="x-sof-pasuq">׃</seg> 
        </verse>
        <verse osisID="Song.5.5">
          <w lemma="6965">קַ֥מְתִּֽי</w>
          <w lemma="589">אֲנִ֖י</w>
          <w lemma="6605">לִ/פְתֹּ֣חַ</w>
          <w lemma="1730">לְ/דוֹדִ֑/י</w>
          <w lemma="3027">וְ/יָדַ֣/י</w>
          <w lemma="5197">נָֽטְפוּ</w><seg type="x-maqqef">־</seg><w lemma="4753">מ֗וֹר</w>
          <w lemma="676">וְ/אֶצְבְּעֹתַ/י֙</w>
          <w lemma="4753">מ֣וֹר</w>
          <w lemma="5674">עֹבֵ֔ר</w>
          <w lemma="5921">עַ֖ל</w>
          <w lemma="3709">כַּפּ֥וֹת</w>
          <w lemma="4514">הַ/מַּנְעֽוּל</w><seg type="x-sof-pasuq">׃</seg> 
        </verse>
        <verse osisID="Song.5.6">
          <w lemma="6605">פָּתַ֤חְתִּֽי</w>
          <w lemma="589">אֲנִי֙</w>
          <w lemma="1730">לְ/דוֹדִ֔/י</w>
          <w lemma="1730">וְ/דוֹדִ֖/י</w>
          <w lemma="2559">חָמַ֣ק</w>
          <w lemma="5674">עָבָ֑ר</w>
          <w lemma="5315">נַפְשִׁ/י֙</w>
          <w lemma="3318">יָֽצְאָ֣ה</w>
          <w lemma="1696">בְ/דַבְּר֔/וֹ</w>
          <w lemma="1245">בִּקַּשְׁתִּ֙י/הוּ֙</w>
          <w lemma="3808">וְ/לֹ֣א</w>
          <w lemma="4672">מְצָאתִ֔י/הוּ</w>
          <w lemma="7121">קְרָאתִ֖י/ו</w>
          <w lemma="3808">וְ/לֹ֥א</w>
          <w lemma="6030">עָנָֽ/נִי</w><seg type="x-sof-pasuq">׃</seg> 
        </verse>
        <verse osisID="Song.5.7">
          <w lemma="4672">מְצָאֻ֧/נִי</w>
          <w lemma="8104">הַ/שֹּׁמְרִ֛ים</w>
          <w lemma="5437">הַ/סֹּבְבִ֥ים</w>
          <w lemma="5892">בָּ/עִ֖יר</w>
          <w lemma="5221">הִכּ֣וּ/נִי</w>
          <w lemma="6481">פְצָע֑וּ/נִי</w>
          <w lemma="5375">נָשְׂא֤וּ</w>
          <w lemma="853">אֶת</w><seg type="x-maqqef">־</seg><w lemma="7289">רְדִידִ/י֙</w>
          <w lemma="5921">מֵֽ/עָלַ֔/י</w>
          <w lemma="8104">שֹׁמְרֵ֖י</w>
          <w lemma="2346">הַ/חֹמֽוֹת</w><seg type="x-sof-pasuq">׃</seg> 
        </verse>
        <verse osisID="Song.5.8">
          <w lemma="7650">הִשְׁבַּ֥עְתִּי</w>
          <w lemma="853">אֶתְ/כֶ֖ם</w>
          <w lemma="1323">בְּנ֣וֹת</w>
          <w lemma="3389">יְרוּשָׁלִָ֑ם</w>
          <w lemma="518">אִֽם</w><seg type="x-maqqef">־</seg><w lemma="4672">תִּמְצְאוּ֙</w>
          <w lemma="853">אֶת</w><seg type="x-maqqef">־</seg><w lemma="1730">דּוֹדִ֔/י</w>
          <w lemma="4100">מַה</w><seg type="x-maqqef">־</seg><w lemma="5046">תַּגִּ֣ידוּ</w>
          <w>ל֔/וֹ</w>
          <w lemma="2470">שֶׁ/חוֹלַ֥ת</w>
          <w lemma="160">אַהֲבָ֖ה</w>
          <w lemma="589">אָֽנִי</w><seg type="x-sof-pasuq">׃</seg> 
        </verse>
        <verse osisID="Song.5.9">
          <w lemma="4100">מַה</w><seg type="x-maqqef">־</seg><w lemma="1730">דּוֹדֵ֣/ךְ</w>
          <w lemma="1730">מִ/דּ֔וֹד</w>
          <w lemma="3303">הַ/יָּפָ֖ה</w>
          <w lemma="802">בַּ/נָּשִׁ֑ים</w>
          <w lemma="4100">מַה</w><seg type="x-maqqef">־</seg><w lemma="1730">דּוֹדֵ֣/ךְ</w>
          <w lemma="1730">מִ/דּ֔וֹד</w>
          <w lemma="3602">שֶׁ/כָּ֖כָה</w>
          <w lemma="7650">הִשְׁבַּעְתָּֽ/נוּ</w><seg type="x-sof-pasuq">׃</seg> 
        </verse>
        <verse osisID="Song.5.10">
          <w lemma="1730">דּוֹדִ֥/י</w>
          <w lemma="6703">צַח֙</w>
          <w lemma="122">וְ/אָד֔וֹם</w>
          <w lemma="1713">דָּג֖וּל</w>
          <w lemma="7233">מֵ/רְבָבָֽה</w><seg type="x-sof-pasuq">׃</seg> 
        </verse>
        <verse osisID="Song.5.11">
          <w lemma="7218">רֹאשׁ֖/וֹ</w>
          <w lemma="3800">כֶּ֣תֶם</w>
          <w lemma="6337">פָּ֑ז</w>
          <w lemma="6977">קְוּצּוֹתָי/ו֙</w>
          <note>BHS has been faithful to the Leningrad Codex where there might be a question of the validity of the form and we keep the same form as BHS.</note>
          <w lemma="8534">תַּלְתַּלִּ֔ים</w>
          <w lemma="7838">שְׁחֹר֖וֹת</w>
          <w lemma="6158">כָּ/עוֹרֵֽב</w><seg type="x-sof-pasuq">׃</seg> 
        </verse>
        <verse osisID="Song.5.12">
          <w lemma="5869">עֵינָ֕י/ו</w>
          <w lemma="3123">כְּ/יוֹנִ֖ים</w>
          <w lemma="5921">עַל</w><seg type="x-maqqef">־</seg><w lemma="650">אֲפִ֣יקֵי</w>
          <w lemma="4325">מָ֑יִם</w>
          <w lemma="7364">רֹֽחֲצוֹת֙</w>
          <w lemma="2461">בֶּֽ/חָלָ֔ב</w>
          <w lemma="3427">יֹשְׁב֖וֹת</w>
          <w lemma="5921">עַל</w><seg type="x-maqqef">־</seg><w lemma="4402">מִלֵּֽאת</w><seg type="x-sof-pasuq">׃</seg> 
        </verse>
        <verse osisID="Song.5.13">
          <w lemma="3895">לְחָיָ/ו֙</w>
          <w lemma="6170">כַּ/עֲרוּגַ֣ת</w>
          <w lemma="1314">הַ/בֹּ֔שֶׂם</w>
          <w lemma="4026">מִגְדְּל֖וֹת</w>
          <w lemma="4840">מֶרְקָחִ֑ים</w>
          <w lemma="8193">שִׂפְתוֹתָי/ו֙</w>
          <w lemma="7799">שֽׁוֹשַׁנִּ֔ים</w>
          <w lemma="5197">נֹטְפ֖וֹת</w>
          <w lemma="4753">מ֥וֹר</w>
          <w lemma="5674">עֹבֵֽר</w><seg type="x-sof-pasuq">׃</seg> 
        </verse>
        <verse osisID="Song.5.14">
          <w lemma="3027">יָדָי/ו֙</w>
          <w lemma="1550">גְּלִילֵ֣י</w>
          <w lemma="2091">זָהָ֔ב</w>
          <w lemma="4390">מְמֻלָּאִ֖ים</w>
          <w lemma="8658">בַּ/תַּרְשִׁ֑ישׁ</w>
          <w lemma="4578">מֵעָי/ו֙</w>
          <w lemma="6247">עֶ֣שֶׁת</w>
          <w lemma="8127">שֵׁ֔ן</w>
          <w lemma="5968">מְעֻלֶּ֖פֶת</w>
          <w lemma="5601">סַפִּירִֽים</w><seg type="x-sof-pasuq">׃</seg> 
        </verse>
        <verse osisID="Song.5.15">
          <w lemma="7785">שׁוֹקָי/ו֙</w>
          <w lemma="5982">עַמּ֣וּדֵי</w>
          <w lemma="8336">שֵׁ֔שׁ</w>
          <w lemma="3245">מְיֻסָּדִ֖ים</w>
          <w lemma="5921">עַל</w><seg type="x-maqqef">־</seg><w lemma="134">אַדְנֵי</w><seg type="x-maqqef">־</seg><w lemma="6337">פָ֑ז</w>
          <w lemma="4758">מַרְאֵ֙/הוּ֙</w>
          <w lemma="3844">כַּ/לְּבָנ֔וֹן</w>
          <w lemma="977">בָּח֖וּר</w>
          <w lemma="730">כָּ/אֲרָזִֽים</w><seg type="x-sof-pasuq">׃</seg> 
        </verse>
        <verse osisID="Song.5.16">
          <w lemma="2441">חִכּ/וֹ֙</w>
          <w lemma="4477">מַֽמְתַקִּ֔ים</w>
          <w lemma="3605">וְ/כֻלּ֖/וֹ</w>
          <w lemma="4261">מַחֲּמַדִּ֑ים</w>
          <note>Marks a place where we agree with BHQ against BHS in reading L. (Currently occurs only with note ']t'.)</note>
          <note>We read one or more consonants, vowels or punctuation (Maqqef, Dagesh or Mappiq) in L differently from BHS (1997). This is similar to the note ']c', but the latter  refers to the accents. The older note ']3' encompasses the new uses of ']c', ']p' and ']t'.</note>
          <w lemma="2088">זֶ֤ה</w>
          <w lemma="1730">דוֹדִ/י֙</w>
          <w lemma="2088">וְ/זֶ֣ה</w>
          <w lemma="7453">רֵעִ֔/י</w>
          <w lemma="1323">בְּנ֖וֹת</w>
          <w lemma="3389">יְרוּשָׁלִָֽם</w><seg type="x-sof-pasuq">׃</seg> 
        </verse>
      </chapter>
      <chapter osisID="Song.6">
        <verse osisID="Song.6.1">
          <w lemma="575">אָ֚נָה</w>
          <w lemma="1980">הָלַ֣ךְ</w>
          <w lemma="1730">דּוֹדֵ֔/ךְ</w>
          <w lemma="3303">הַ/יָּפָ֖ה</w>
          <w lemma="802">בַּ/נָּשִׁ֑ים</w>
          <w lemma="575">אָ֚נָה</w>
          <w lemma="6437">פָּנָ֣ה</w>
          <w lemma="1730">דוֹדֵ֔/ךְ</w>
          <w lemma="1245">וּ/נְבַקְשֶׁ֖/נּוּ</w>
          <w lemma="5973">עִמָּֽ/ךְ</w><seg type="x-sof-pasuq">׃</seg> 
        </verse>
        <verse osisID="Song.6.2">
          <w lemma="1730">דּוֹדִ/י֙</w>
          <w lemma="3381">יָרַ֣ד</w>
          <w lemma="1588">לְ/גַנּ֔/וֹ</w>
          <w lemma="6170">לַ/עֲרוּג֖וֹת</w>
          <w lemma="1314">הַ/בֹּ֑שֶׂם</w>
          <w lemma="7462">לִ/רְעוֹת֙</w>
          <w lemma="1588">בַּ/גַּנִּ֔ים</w>
          <w lemma="3950">וְ/לִ/לְקֹ֖ט</w>
          <w lemma="7799">שֽׁוֹשַׁנִּֽים</w><seg type="x-sof-pasuq">׃</seg> 
        </verse>
        <verse osisID="Song.6.3">
          <w lemma="589">אֲנִ֤י</w>
          <w lemma="1730">לְ/דוֹדִ/י֙</w>
          <w lemma="1730">וְ/דוֹדִ֣/י</w>
          <w>לִ֔/י</w>
          <w lemma="7462">הָ/רֹעֶ֖ה</w>
          <w lemma="7799">בַּ/שׁוֹשַׁנִּֽים</w><seg type="x-sof-pasuq">׃</seg>
          <note>Marks a place where we agree with BHQ against BHS in reading L. (Currently occurs only with note ']t'.)</note>
          <note>We read one or more consonants, vowels or punctuation (Maqqef, Dagesh or Mappiq) in L differently from BHS (1997). This is similar to the note ']c', but the latter  refers to the accents. The older note ']3' encompasses the new uses of ']c', ']p' and ']t'.</note>
          <seg type="x-samekh">ס</seg> 
        </verse>
        <verse osisID="Song.6.4">
          <w lemma="3303">יָפָ֨ה</w>
          <w lemma="859">אַ֤תְּ</w>
          <w lemma="7474">רַעְיָתִ/י֙</w>
          <w lemma="8656">כְּ/תִרְצָ֔ה</w>
          <w lemma="5000">נָאוָ֖ה</w>
          <w lemma="3389">כִּ/ירוּשָׁלִָ֑ם</w>
          <w lemma="366">אֲיֻמָּ֖ה</w>
          <w lemma="1713">כַּ/נִּדְגָּלֽוֹת</w><seg type="x-sof-pasuq">׃</seg> 
        </verse>
        <verse osisID="Song.6.5">
          <w lemma="5437">הָסֵ֤בִּי</w>
          <w lemma="5869">עֵינַ֙יִ/ךְ֙</w>
          <w lemma="5048">מִ/נֶּגְדִּ֔/י</w>
          <w lemma="1992">שֶׁ֥/הֵ֖ם</w>
          <note>We read or understand L differently than BHS (1983 Edition). Often this notation indicates a typographical error in BHS.</note>
          <w lemma="7292">הִרְהִיבֻ֑/נִי</w>
          <w lemma="8181">שַׂעְרֵ/ךְ֙</w>
          <w lemma="5739">כְּ/עֵ֣דֶר</w>
          <w lemma="5795">הָֽ/עִזִּ֔ים</w>
          <w lemma="1570">שֶׁ/גָּלְשׁ֖וּ</w>
          <w lemma="4480">מִן</w><seg type="x-maqqef">־</seg><w lemma="1568">הַ/גִּלְעָֽד</w><seg type="x-sof-pasuq">׃</seg> 
        </verse>
        <verse osisID="Song.6.6">
          <w lemma="8127">שִׁנַּ֙יִ/ךְ֙</w>
          <w lemma="5739">כְּ/עֵ֣דֶר</w>
          <w lemma="7353">הָֽ/רְחֵלִ֔ים</w>
          <w lemma="5927">שֶׁ/עָל֖וּ</w>
          <w lemma="4480">מִן</w><seg type="x-maqqef">־</seg><w lemma="7367">הָ/רַחְצָ֑ה</w>
          <w lemma="3605">שֶׁ/כֻּלָּ/ם֙</w>
          <w lemma="8382">מַתְאִימ֔וֹת</w>
          <w lemma="7909">וְ/שַׁכֻּלָ֖ה</w>
          <w lemma="369">אֵ֥ין</w>
          <w>בָּ/הֶֽם</w><seg type="x-sof-pasuq">׃</seg> 
        </verse>
        <verse osisID="Song.6.7">
          <w lemma="6400">כְּ/פֶ֤לַח</w>
          <w lemma="7416">הָ/רִמּוֹן֙</w>
          <w lemma="7541">רַקָּתֵ֔/ךְ</w>
          <w lemma="1157">מִ/בַּ֖עַד</w>
          <w lemma="6777">לְ/צַמָּתֵֽ/ךְ</w><seg type="x-sof-pasuq">׃</seg> 
        </verse>
        <verse osisID="Song.6.8">
          <w lemma="8346">שִׁשִּׁ֥ים</w>
          <w lemma="1992">הֵ֙מָּה֙</w>
          <w lemma="4436">מְּלָכ֔וֹת</w>
          <w lemma="8084">וּ/שְׁמֹנִ֖ים</w>
          <w lemma="6370">פִּֽילַגְשִׁ֑ים</w>
          <w lemma="5959">וַ/עֲלָמ֖וֹת</w>
          <w lemma="369">אֵ֥ין</w>
          <w lemma="4557">מִסְפָּֽר</w><seg type="x-sof-pasuq">׃</seg> 
        </verse>
        <verse osisID="Song.6.9">
          <w lemma="259">אַחַ֥ת</w>
          <w lemma="1931">הִיא֙</w>
          <w lemma="3123">יוֹנָתִ֣/י</w>
          <w lemma="8535">תַמָּתִ֔/י</w>
          <w lemma="259">אַחַ֥ת</w>
          <w lemma="1931">הִיא֙</w>
          <w lemma="517">לְ/אִמָּ֔/הּ</w>
          <w lemma="1249">בָּרָ֥ה</w>
          <w lemma="1931">הִ֖יא</w>
          <w lemma="3205">לְ/יֽוֹלַדְתָּ֑/הּ</w>
          <w lemma="7200">רָא֤וּ/הָ</w>
          <w lemma="1323">בָנוֹת֙</w>
          <w lemma="833">וַֽ/יְאַשְּׁר֔וּ/הָ</w>
          <w lemma="4436">מְלָכ֥וֹת</w>
          <w lemma="6370">וּ/פִֽילַגְשִׁ֖ים</w>
          <w lemma="1984">וַֽ/יְהַלְלֽוּ/הָ</w><seg type="x-sof-pasuq">׃</seg> 
          <seg type="x-samekh">ס</seg> 
        </verse>
        <verse osisID="Song.6.10">
          <w lemma="4310">מִי</w><seg type="x-maqqef">־</seg><w lemma="2063">זֹ֥את</w>
          <w lemma="8259">הַ/נִּשְׁקָפָ֖ה</w>
          <w lemma="3644">כְּמוֹ</w><seg type="x-maqqef">־</seg><w lemma="7837">שָׁ֑חַר</w>
          <w lemma="3303">יָפָ֣ה</w>
          <w lemma="3842">כַ/לְּבָנָ֗ה</w>
          <w lemma="1249">בָּרָה֙</w>
          <w lemma="2535">כַּֽ/חַמָּ֔ה</w>
          <w lemma="366">אֲיֻמָּ֖ה</w>
          <w lemma="1713">כַּ/נִּדְגָּלֽוֹת</w><seg type="x-sof-pasuq">׃</seg> 
          <seg type="x-samekh">ס</seg> 
        </verse>
        <verse osisID="Song.6.11">
          <w lemma="413">אֶל</w><seg type="x-maqqef">־</seg><w lemma="1594">גִּנַּ֤ת</w>
          <w lemma="93">אֱגוֹז֙</w>
          <w lemma="3381">יָרַ֔דְתִּי</w>
          <w lemma="7200">לִ/רְא֖וֹת</w>
          <w lemma="3">בְּ/אִבֵּ֣י</w>
          <w lemma="5158">הַ/נָּ֑חַל</w>
          <w lemma="7200">לִ/רְאוֹת֙</w>
          <w lemma="6524">הֲ/פָֽרְחָ֣ה</w>
          <w lemma="1612">הַ/גֶּ֔פֶן</w>
          <w lemma="5132">הֵנֵ֖צוּ</w>
          <w lemma="7416">הָ/רִמֹּנִֽים</w><seg type="x-sof-pasuq">׃</seg> 
        </verse>
        <verse osisID="Song.6.12">
          <w lemma="3808">לֹ֣א</w>
          <w lemma="3045">יָדַ֔עְתִּי</w>
          <w lemma="5315">נַפְשִׁ֣/י</w>
          <w lemma="7760">שָׂמַ֔תְ/נִי</w>
          <w lemma="4818">מַרְכְּב֖וֹת</w>
          <w lemma="5971">עַמִּי</w><seg type="x-maqqef">־</seg><w lemma="5081">נָדִֽיב</w><seg type="x-sof-pasuq">׃</seg> 
        </verse>
      </chapter>
      <chapter osisID="Song.7">
        <verse osisID="Song.7.1">
          <note>BHS:Song.6.13</note>
          <w lemma="7725">שׁ֤וּבִי</w>
          <w lemma="7725">שׁ֙וּבִי֙</w>
          <w lemma="7759">הַ/שּׁ֣וּלַמִּ֔ית</w>
          <w lemma="7725">שׁ֥וּבִי</w>
          <w lemma="7725">שׁ֖וּבִי</w>
          <w lemma="2372">וְ/נֶחֱזֶה</w><seg type="x-maqqef">־</seg><w>בָּ֑/ךְ</w>
          <w lemma="4100">מַֽה</w><seg type="x-maqqef">־</seg><w lemma="2372">תֶּחֱזוּ֙</w>
          <w lemma="7759">בַּ/שּׁ֣וּלַמִּ֔ית</w>
          <w lemma="4246">כִּ/מְחֹלַ֖ת</w>
          <w lemma="4264">הַֽ/מַּחֲנָֽיִם</w><seg type="x-sof-pasuq">׃</seg> 
        </verse>
        <verse osisID="Song.7.2">
          <note>BHS:Song.7.1</note>
          <w lemma="4100">מַה</w><seg type="x-maqqef">־</seg><w lemma="3303">יָּפ֧וּ</w>
          <w lemma="6471">פְעָמַ֛יִ/ךְ</w>
          <w lemma="5275">בַּ/נְּעָלִ֖ים</w>
          <w lemma="1323">בַּת</w><seg type="x-maqqef">־</seg><w lemma="5081">נָדִ֑יב</w>
          <w lemma="2542">חַמּוּקֵ֣י</w>
          <w lemma="3409">יְרֵכַ֔יִ/ךְ</w>
          <w lemma="3644">כְּמ֣וֹ</w>
          <w lemma="2481">חֲלָאִ֔ים</w>
          <w lemma="4639">מַעֲשֵׂ֖ה</w>
          <w lemma="3027">יְדֵ֥י</w>
          <w lemma="542">אָמָּֽן</w><seg type="x-sof-pasuq">׃</seg> 
        </verse>
        <verse osisID="Song.7.3">
          <note>BHS:Song.7.2</note>
          <w lemma="8326">שָׁרְרֵ/ךְ֙</w>
          <w lemma="101">אַגַּ֣ן</w>
          <w lemma="5469">הַ/סַּ֔הַר</w>
          <w lemma="408">אַל</w><seg type="x-maqqef">־</seg><w lemma="2637">יֶחְסַ֖ר</w>
          <w lemma="4197">הַ/מָּ֑זֶג</w>
          <w lemma="990">בִּטְנֵ/ךְ֙</w>
          <w lemma="6194">עֲרֵמַ֣ת</w>
          <w lemma="2406">חִטִּ֔ים</w>
          <w lemma="5473">סוּגָ֖ה</w>
          <w lemma="7799">בַּ/שּׁוֹשַׁנִּֽים</w><seg type="x-sof-pasuq">׃</seg> 
        </verse>
        <verse osisID="Song.7.4">
          <note>BHS:Song.7.3</note>
          <w lemma="8147">שְׁנֵ֥י</w>
          <w lemma="7699">שָׁדַ֛יִ/ךְ</w>
          <w lemma="8147">כִּ/שְׁנֵ֥י</w>
          <w lemma="6082">עֳפָרִ֖ים</w>
          <w lemma="8380">תָּאֳמֵ֥י</w>
          <w lemma="6646">צְבִיָּֽה</w><seg type="x-sof-pasuq">׃</seg> 
        </verse>
        <verse osisID="Song.7.5">
          <note>BHS:Song.7.4</note>
          <w lemma="6677">צַוָּארֵ֖/ךְ</w>
          <w lemma="4026">כְּ/מִגְדַּ֣ל</w>
          <w lemma="8127">הַ/שֵּׁ֑ן</w>
          <w lemma="5869">עֵינַ֜יִ/ךְ</w>
          <w lemma="1295">בְּרֵכ֣וֹת</w>
          <w lemma="2809">בְּ/חֶשְׁבּ֗וֹן</w>
          <w lemma="5921">עַל</w><seg type="x-maqqef">־</seg><w lemma="8179">שַׁ֙עַר֙</w>
          <w>בַּת</w><seg type="x-maqqef">־</seg><w lemma="1337">רַבִּ֔ים</w>
          <w lemma="639">אַפֵּ/ךְ֙</w>
          <w lemma="4026">כְּ/מִגְדַּ֣ל</w>
          <w lemma="3844">הַ/לְּבָנ֔וֹן</w>
          <w lemma="6822">צוֹפֶ֖ה</w>
          <w lemma="6440">פְּנֵ֥י</w>
          <w lemma="1834">דַמָּֽשֶׂק</w><seg type="x-sof-pasuq">׃</seg> 
        </verse>
        <verse osisID="Song.7.6">
          <note>BHS:Song.7.5</note>
          <w lemma="7218">רֹאשֵׁ֤/ךְ</w>
          <w lemma="5921">עָלַ֙יִ/ךְ֙</w>
          <w lemma="3760">כַּ/כַּרְמֶ֔ל</w>
          <w lemma="1803">וְ/דַלַּ֥ת</w>
          <w lemma="7218">רֹאשֵׁ֖/ךְ</w>
          <w lemma="713">כָּ/אַרְגָּמָ֑ן</w>
          <w lemma="4428">מֶ֖לֶךְ</w>
          <w lemma="631">אָס֥וּר</w>
          <w lemma="7298">בָּ/רְהָטִֽים</w><seg type="x-sof-pasuq">׃</seg> 
        </verse>
        <verse osisID="Song.7.7">
          <note>BHS:Song.7.6</note>
          <w lemma="4100">מַה</w><seg type="x-maqqef">־</seg><w lemma="3302">יָּפִית֙</w>
          <w lemma="4100">וּ/מַה</w><seg type="x-maqqef">־</seg><w lemma="5276">נָּעַ֔מְתְּ</w>
          <w lemma="160">אַהֲבָ֖ה</w>
          <w lemma="8588">בַּ/תַּֽעֲנוּגִֽים</w><seg type="x-sof-pasuq">׃</seg> 
        </verse>
        <verse osisID="Song.7.8">
          <note>BHS:Song.7.7</note>
          <w lemma="2063">זֹ֤את</w>
          <w lemma="6967">קֽוֹמָתֵ/ךְ֙</w>
          <w lemma="1819">דָּֽמְתָ֣ה</w>
          <w lemma="8558">לְ/תָמָ֔ר</w>
          <w lemma="7699">וְ/שָׁדַ֖יִ/ךְ</w>
          <w lemma="811">לְ/אַשְׁכֹּלֽוֹת</w><seg type="x-sof-pasuq">׃</seg> 
        </verse>
        <verse osisID="Song.7.9">
          <note>BHS:Song.7.8</note>
          <w lemma="559">אָמַ֙רְתִּי֙</w>
          <w lemma="5927">אֶעֱלֶ֣ה</w>
          <w lemma="8558">בְ/תָמָ֔ר</w>
          <w lemma="270">אֹֽחֲזָ֖ה</w>
          <w lemma="5577">בְּ/סַנְסִנָּ֑י/ו</w>
          <w lemma="1961">וְ/יִֽהְיוּ</w><seg type="x-maqqef">־</seg><w lemma="4994">נָ֤א</w>
          <w lemma="7699">שָׁדַ֙יִ/ךְ֙</w>
          <w lemma="811">כְּ/אֶשְׁכְּל֣וֹת</w>
          <w lemma="1612">הַ/גֶּ֔פֶן</w>
          <w lemma="7381">וְ/רֵ֥יחַ</w>
          <w lemma="639">אַפֵּ֖/ךְ</w>
          <w lemma="8598">כַּ/תַּפּוּחִֽים</w><seg type="x-sof-pasuq">׃</seg> 
        </verse>
        <verse osisID="Song.7.10">
          <note>BHS:Song.7.9</note>
          <w lemma="2441">וְ/חִכֵּ֕/ךְ</w>
          <w lemma="3196">כְּ/יֵ֥ין</w>
          <w lemma="2896">הַ/טּ֛וֹב</w>
          <w lemma="1980">הוֹלֵ֥ךְ</w>
          <w lemma="1730">לְ/דוֹדִ֖/י</w>
          <w lemma="4339">לְ/מֵישָׁרִ֑ים</w>
          <w lemma="1680">דּוֹבֵ֖ב</w>
          <w lemma="8193">שִׂפְתֵ֥י</w>
          <w lemma="3462">יְשֵׁנִֽים</w><seg type="x-sof-pasuq">׃</seg> 
        </verse>
        <verse osisID="Song.7.11">
          <note>BHS:Song.7.10</note>
          <w lemma="589">אֲנִ֣י</w>
          <w lemma="1730">לְ/דוֹדִ֔/י</w>
          <w lemma="5921">וְ/עָלַ֖/י</w>
          <w lemma="8669">תְּשׁוּקָתֽ/וֹ</w><seg type="x-sof-pasuq">׃</seg> 
          <seg type="x-samekh">ס</seg> 
        </verse>
        <verse osisID="Song.7.12">
          <note>BHS:Song.7.11</note>
          <w lemma="1980">לְכָ֤/ה</w>
          <w lemma="1730">דוֹדִ/י֙</w>
          <w lemma="3318">נֵצֵ֣א</w>
          <w lemma="7704">הַ/שָּׂדֶ֔ה</w>
          <w lemma="3885">נָלִ֖ינָה</w>
          <w lemma="3723">בַּ/כְּפָרִֽים</w><seg type="x-sof-pasuq">׃</seg> 
        </verse>
        <verse osisID="Song.7.13">
          <note>BHS:Song.7.12</note>
          <w lemma="7925">נַשְׁכִּ֙ימָה֙</w>
          <w lemma="3754">לַ/כְּרָמִ֔ים</w>
          <w lemma="7200">נִרְאֶ֞ה</w>
          <w lemma="518">אִם</w>
          <w lemma="6524">פָּֽרְחָ֤ה</w>
          <w lemma="1612">הַ/גֶּ֙פֶן֙</w>
          <w lemma="6605">פִּתַּ֣ח</w>
          <w lemma="5563">הַ/סְּמָדַ֔ר</w>
          <w lemma="5132">הֵנֵ֖צוּ</w>
          <w lemma="7416">הָ/רִמּוֹנִ֑ים</w>
          <w lemma="8033">שָׁ֛ם</w>
          <w lemma="5414">אֶתֵּ֥ן</w>
          <w lemma="853">אֶת</w><seg type="x-maqqef">־</seg><w lemma="1730">דֹּדַ֖/י</w>
          <w>לָֽ/ךְ</w><seg type="x-sof-pasuq">׃</seg> 
        </verse>
        <verse osisID="Song.7.14">
          <note>BHS:Song.7.13</note>
          <w lemma="1736">הַֽ/דּוּדָאִ֣ים</w>
          <w lemma="5414">נָֽתְנוּ</w><seg type="x-maqqef">־</seg><w lemma="7381">רֵ֗יחַ</w>
          <w lemma="5921">וְ/עַל</w><seg type="x-maqqef">־</seg><w lemma="6607">פְּתָחֵ֙י/נוּ֙</w>
          <w lemma="3605">כָּל</w><seg type="x-maqqef">־</seg><w lemma="4022">מְגָדִ֔ים</w>
          <w lemma="2319">חֲדָשִׁ֖ים</w>
          <w lemma="1571">גַּם</w><seg type="x-maqqef">־</seg><w lemma="3465">יְשָׁנִ֑ים</w>
          <w lemma="1730">דּוֹדִ֖/י</w>
          <w lemma="6845">צָפַ֥נְתִּי</w>
          <w>לָֽ/ךְ</w><seg type="x-sof-pasuq">׃</seg> 
        </verse>
      </chapter>
      <chapter osisID="Song.8">
        <verse osisID="Song.8.1">
          <w lemma="4310">מִ֤י</w>
          <w lemma="5414">יִתֶּנְ/ךָ֙</w>
          <w lemma="251">כְּ/אָ֣ח</w>
          <w>לִ֔/י</w>
          <w lemma="3243">יוֹנֵ֖ק</w>
          <w lemma="7699">שְׁדֵ֣י</w>
          <w lemma="517">אִמִּ֑/י</w>
          <w lemma="4672">אֶֽמְצָאֲ/ךָ֤</w>
          <w lemma="2351">בַ/חוּץ֙</w>
          <w lemma="5401">אֶשָׁ֣קְ/ךָ֔</w>
          <note>Marks a place where we agree with BHQ against BHS in reading L. (Currently occurs only with note ']t'.)</note>
          <note>We read one or more consonants, vowels or punctuation (Maqqef, Dagesh or Mappiq) in L differently from BHS (1997). This is similar to the note ']c', but the latter  refers to the accents. The older note ']3' encompasses the new uses of ']c', ']p' and ']t'.</note>
          <w lemma="1571">גַּ֖ם</w>
          <w lemma="3808">לֹא</w><seg type="x-maqqef">־</seg><w lemma="936">יָב֥וּזוּ</w>
          <w>לִֽ/י</w><seg type="x-sof-pasuq">׃</seg> 
        </verse>
        <verse osisID="Song.8.2">
          <w lemma="5090">אֶנְהָֽגֲ/ךָ֗</w>
          <w lemma="935">אֲבִֽיאֲ/ךָ֛</w>
          <w lemma="413">אֶל</w><seg type="x-maqqef">־</seg><w lemma="1004">בֵּ֥ית</w>
          <w lemma="517">אִמִּ֖/י</w>
          <w lemma="3925">תְּלַמְּדֵ֑/נִי</w>
          <w lemma="8248">אַשְׁקְ/ךָ֙</w>
          <w lemma="3196">מִ/יַּ֣יִן</w>
          <w lemma="7544">הָ/רֶ֔קַח</w>
          <w lemma="6071">מֵ/עֲסִ֖יס</w>
          <w lemma="7416">רִמֹּנִֽ/י</w><seg type="x-sof-pasuq">׃</seg> 
        </verse>
        <verse osisID="Song.8.3">
          <w lemma="8040">שְׂמֹאל/וֹ֙</w>
          <w lemma="8478">תַּ֣חַת</w>
          <w lemma="7218">רֹאשִׁ֔/י</w>
          <w lemma="3225">וִֽ/ימִינ֖/וֹ</w>
          <w lemma="2263">תְּחַבְּקֵֽ/נִי</w><seg type="x-sof-pasuq">׃</seg> 
        </verse>
        <verse osisID="Song.8.4">
          <w lemma="7650">הִשְׁבַּ֥עְתִּי</w>
          <w lemma="853">אֶתְ/כֶ֖ם</w>
          <w lemma="1323">בְּנ֣וֹת</w>
          <w lemma="3389">יְרוּשָׁלִָ֑ם</w>
          <w lemma="4100">מַה</w><seg type="x-maqqef">־</seg><w lemma="5782">תָּעִ֧ירוּ</w>
          <seg type="x-paseq">׀</seg> 
          <w lemma="4100">וּֽ/מַה</w><seg type="x-maqqef">־</seg><w lemma="5782">תְּעֹֽרְר֛וּ</w>
          <w lemma="853">אֶת</w><seg type="x-maqqef">־</seg><w lemma="160">הָ/אַהֲבָ֖ה</w>
          <w lemma="5704">עַ֥ד</w>
          <w lemma="2654">שֶׁ/תֶּחְפָּֽץ</w><seg type="x-sof-pasuq">׃</seg> 
          <seg type="x-samekh">ס</seg> 
        </verse>
        <verse osisID="Song.8.5">
          <w lemma="4310">מִ֣י</w>
          <w lemma="2063">זֹ֗את</w>
          <w lemma="5927">עֹלָה֙</w>
          <w lemma="4480">מִן</w><seg type="x-maqqef">־</seg><w lemma="4057">הַ/מִּדְבָּ֔ר</w>
          <w lemma="7514">מִתְרַפֶּ֖קֶת</w>
          <w lemma="5921">עַל</w><seg type="x-maqqef">־</seg><w lemma="1730">דּוֹדָ֑/הּ</w>
          <w lemma="8478">תַּ֤חַת</w>
          <w lemma="8598">הַ/תַּפּ֙וּחַ֙</w>
          <w lemma="5782">עֽוֹרַרְתִּ֔י/ךָ</w>
          <w lemma="8033">שָׁ֚מָּ/ה</w>
          <w lemma="2254">חִבְּלַ֣תְ/ךָ</w>
          <w lemma="517">אִמֶּ֔/ךָ</w>
          <w lemma="8033">שָׁ֖מָּ/ה</w>
          <w lemma="2254">חִבְּלָ֥ה</w>
          <w lemma="3205">יְלָדַֽתְ/ךָ</w><seg type="x-sof-pasuq">׃</seg> 
        </verse>
        <verse osisID="Song.8.6">
          <w lemma="7760">שִׂימֵ֨/נִי</w>
          <w lemma="2368">כַֽ/חוֹתָ֜ם</w>
          <w lemma="5921">עַל</w><seg type="x-maqqef">־</seg><w lemma="3820">לִבֶּ֗/ךָ</w>
          <w lemma="2368">כַּֽ/חוֹתָם֙</w>
          <w lemma="5921">עַל</w><seg type="x-maqqef">־</seg><w lemma="2220">זְרוֹעֶ֔/ךָ</w>
          <w lemma="3588">כִּֽי</w><seg type="x-maqqef">־</seg><w lemma="5794">עַזָּ֤ה</w>
          <w lemma="4194">כַ/מָּ֙וֶת֙</w>
          <w lemma="160">אַהֲבָ֔ה</w>
          <w lemma="7186">קָשָׁ֥ה</w>
          <w lemma="7585">כִ/שְׁא֖וֹל</w>
          <w lemma="7068">קִנְאָ֑ה</w>
          <w lemma="7565">רְשָׁפֶ֕י/הָ</w>
          <w lemma="7565">רִשְׁפֵּ֕י</w>
          <w lemma="784">אֵ֖שׁ</w>
          <w lemma="7957">שַׁלְהֶ֥בֶתְיָֽה</w><seg type="x-sof-pasuq">׃</seg> 
        </verse>
        <verse osisID="Song.8.7">
          <w lemma="4325">מַ֣יִם</w>
          <w lemma="7227">רַבִּ֗ים</w>
          <w lemma="3808">לֹ֤א</w>
          <w lemma="3201">יֽוּכְלוּ֙</w>
          <w lemma="3518">לְ/כַבּ֣וֹת</w>
          <w lemma="853">אֶת</w><seg type="x-maqqef">־</seg><w lemma="160">הָֽ/אַהֲבָ֔ה</w>
          <w lemma="5104">וּ/נְהָר֖וֹת</w>
          <w lemma="3808">לֹ֣א</w>
          <w lemma="7857">יִשְׁטְפ֑וּ/הָ</w>
          <w lemma="518">אִם</w><seg type="x-maqqef">־</seg><w lemma="5414">יִתֵּ֨ן</w>
          <w lemma="376">אִ֜ישׁ</w>
          <w lemma="853">אֶת</w><seg type="x-maqqef">־</seg><w lemma="3605">כָּל</w><seg type="x-maqqef">־</seg><w lemma="1952">ה֤וֹן</w>
          <w lemma="1004">בֵּית/וֹ֙</w>
          <w lemma="160">בָּ/אַהֲבָ֔ה</w>
          <w lemma="936">בּ֖וֹז</w>
          <w lemma="936">יָב֥וּזוּ</w>
          <w>לֽ/וֹ</w><seg type="x-sof-pasuq">׃</seg> 
          <seg type="x-samekh">ס</seg> 
        </verse>
        <verse osisID="Song.8.8">
          <w lemma="269">אָח֥וֹת</w>
          <w>לָ֙/נוּ֙</w>
          <w lemma="6996">קְטַנָּ֔ה</w>
          <w lemma="7699">וְ/שָׁדַ֖יִם</w>
          <w lemma="369">אֵ֣ין</w>
          <w>לָ֑/הּ</w>
          <w lemma="4100">מַֽה</w><seg type="x-maqqef">־</seg><w lemma="6213">נַּעֲשֶׂה֙</w>
          <w lemma="269">לַ/אֲחֹתֵ֔/נוּ</w>
          <w lemma="3117">בַּ/יּ֖וֹם</w>
          <w lemma="1696">שֶׁ/יְּדֻבַּר</w><seg type="x-maqqef">־</seg><w>בָּֽ/הּ</w><seg type="x-sof-pasuq">׃</seg> 
        </verse>
        <verse osisID="Song.8.9">
          <w lemma="518">אִם</w><seg type="x-maqqef">־</seg><w lemma="2346">חוֹמָ֣ה</w>
          <w lemma="1931">הִ֔יא</w>
          <w lemma="1129">נִבְנֶ֥ה</w>
          <w lemma="5921">עָלֶ֖י/הָ</w>
          <w lemma="2918">טִ֣ירַת</w>
          <w lemma="3701">כָּ֑סֶף</w>
          <w lemma="518">וְ/אִם</w><seg type="x-maqqef">־</seg><w lemma="1817">דֶּ֣לֶת</w>
          <w lemma="1931">הִ֔יא</w>
          <w lemma="6696">נָצ֥וּר</w>
          <w lemma="5921">עָלֶ֖י/הָ</w>
          <w lemma="3871">ל֥וּחַ</w>
          <w lemma="730">אָֽרֶז</w><seg type="x-sof-pasuq">׃</seg> 
        </verse>
        <verse osisID="Song.8.10">
          <w lemma="589">אֲנִ֣י</w>
          <w lemma="2346">חוֹמָ֔ה</w>
          <w lemma="7699">וְ/שָׁדַ֖/י</w>
          <w lemma="4026">כַּ/מִּגְדָּל֑וֹת</w>
          <w lemma="227">אָ֛ז</w>
          <w lemma="1961">הָיִ֥יתִי</w>
          <w lemma="5869">בְ/עֵינָ֖י/ו</w>
          <w lemma="4672">כְּ/מוֹצְאֵ֥ת</w>
          <w lemma="7965">שָׁלֽוֹם</w><seg type="x-sof-pasuq">׃</seg> 
          <seg type="x-pe">פ</seg>
        </verse>
        <verse osisID="Song.8.11">
          <w lemma="3754">כֶּ֣רֶם</w>
          <w lemma="1961">הָיָ֤ה</w>
          <w lemma="8010">לִ/שְׁלֹמֹה֙</w>
          <w>בְּ/בַ֣עַל</w>
          <w lemma="1174">הָמ֔וֹן</w>
          <w lemma="5414">נָתַ֥ן</w>
          <w lemma="853">אֶת</w><seg type="x-maqqef">־</seg><w lemma="3754">הַ/כֶּ֖רֶם</w>
          <w lemma="5201">לַ/נֹּטְרִ֑ים</w>
          <w lemma="376">אִ֛ישׁ</w>
          <w lemma="935">יָבִ֥א</w>
          <w lemma="6529">בְּ/פִרְי֖/וֹ</w>
          <w lemma="505">אֶ֥לֶף</w>
          <w lemma="3701">כָּֽסֶף</w><seg type="x-sof-pasuq">׃</seg> 
        </verse>
        <verse osisID="Song.8.12">
          <w lemma="3754">כָּרְמִ֥/י</w>
          <note>Marks a place where we agree with BHQ against BHS in reading L. (Currently occurs only with note ']t'.)</note>
          <note>We read one or more consonants, vowels or punctuation (Maqqef, Dagesh or Mappiq) in L differently from BHS (1997). This is similar to the note ']c', but the latter  refers to the accents. The older note ']3' encompasses the new uses of ']c', ']p' and ']t'.</note>
          <w>שֶׁ/לִּ֖/י</w>
          <w lemma="6440">לְ/פָנָ֑/י</w>
          <w lemma="505">הָ/אֶ֤לֶף</w>
          <w>לְ/ךָ֙</w>
          <w lemma="8010">שְׁלֹמֹ֔ה</w>
          <w lemma="3967">וּ/מָאתַ֖יִם</w>
          <w lemma="5201">לְ/נֹטְרִ֥ים</w>
          <w lemma="853">אֶת</w><seg type="x-maqqef">־</seg><w lemma="6529">פִּרְיֽ/וֹ</w><seg type="x-sof-pasuq">׃</seg> 
        </verse>
        <verse osisID="Song.8.13">
          <w lemma="3427">הַ/יּוֹשֶׁ֣בֶת</w>
          <w lemma="1588">בַּ/גַּנִּ֗ים</w>
          <w lemma="2270">חֲבֵרִ֛ים</w>
          <w lemma="7181">מַקְשִׁיבִ֥ים</w>
          <w lemma="6963">לְ/קוֹלֵ֖/ךְ</w>
          <w lemma="8085">הַשְׁמִיעִֽי/נִי</w><seg type="x-sof-pasuq">׃</seg> 
        </verse>
        <verse osisID="Song.8.14">
          <w lemma="1272">בְּרַ֣ח</w>
          <seg type="x-paseq">׀</seg> 
          <w lemma="1730">דּוֹדִ֗/י</w>
          <w lemma="1819">וּֽ/דְמֵה</w><seg type="x-maqqef">־</seg><w>לְ/ךָ֤</w>
          <w lemma="6643">לִ/צְבִי֙</w>
          <w lemma="176">א֚וֹ</w>
          <w lemma="6082">לְ/עֹ֣פֶר</w>
          <w lemma="354">הָֽ/אַיָּלִ֔ים</w>
          <w lemma="5921">עַ֖ל</w>
          <w lemma="2022">הָרֵ֥י</w>
          <w lemma="1314">בְשָׂמִֽים</w><seg type="x-sof-pasuq">׃</seg> 
        </verse>
      </chapter>
    </div>
  </osisText>
</osis>
