<?xml version="1.0" encoding="utf-8"?>
<osis xmlns:xsi="http://www.w3.org/2001/XMLSchema-instance" xsi:schemaLocation="http://www.bibletechnologies.net/2003/OSIS/namespace http://www.bibletechnologies.net/osisCore.2.1.1.xsd" xmlns="http://www.bibletechnologies.net/2003/OSIS/namespace">
  <osisText xml:lang="he" osisIDWork="WLC">
    <header>
      <revisionDesc resp="dt">
        <date>2008.08.08</date>
        <p>Convert the Westminster Leningrad Codex files from TEI markup to OSIS book files.</p>
      </revisionDesc>
      <work osisWork="WLC" xml:lang="he">
        <title>Westminster Leningrad Codex</title>
        <contributor role="edt">Daniel Owens</contributor>
        <contributor role="edt">David Troidl</contributor>
        <contributor role="edt">Christopher V. Kimball</contributor>
        <date>2007.9.16</date>
        <identifier type="URL">http://www.tanach.us/Tanach.xml</identifier>
        <rights>Public Domain</rights>
      </work>
      <work osisWork="BHS" xml:lang="he">
        <title>BHS unaccented with Strongs</title>
        <contributor role="edt">Joseph Planeta</contributor>
        <contributor role="edt">Rev. Graham Nind</contributor>
        <description>Unaccented Biblia Hebraica Stuttgartensia Hebrew with Strong's numbers by Rev. Graham.</description>
        <identifier type="URL">http://www.faithofgod.net/</identifier>
        <identifier type="URL">http://www.grahamnind.dsl.pipex.com/files</identifier>
        <rights>Public Domain</rights>
      </work>
      <work osisWork="Strong" xml:lang="en">
        <title>A Concise Dictionary of the Words in the Hebrew Bible</title>
        <title type="sub">with their Renderings in the King James Version</title>
        <contributor role="edt">David Troidl</contributor>
        <contributor role="edt">David Instone-Brewer</contributor>
        <creator role="edt">James Strong, LL.D., S.T.D.</creator>
        <date>1894</date>
        <description resp="dib">The data came from several PD sources which were full of errors. I cleaned them by comparing them to each other and (where necessary) looking at the original.</description>
        <publisher>Hunt &amp;amp; Eaton</publisher>
        <identifier type="URL">www.2LetterLookup.com</identifier>
        <source>The exhaustive concordance of the Bible:</source>
        <rights>Public Domain</rights>
      </work>
      <workPrefix path="//w/@lemma" osisWork="Strong" />
    </header>
    <div type="book" osisID="Zeph">
      <chapter osisID="Zeph.1">
        <verse osisID="Zeph.1.1">
          <w lemma="1697">דְּבַר</w><seg type="x-maqqef">־</seg><w lemma="3068">יְהוָ֣ה</w>
          <seg type="x-paseq">׀</seg> 
          <w lemma="834">אֲשֶׁ֣ר</w>
          <w lemma="1961">הָיָ֗ה</w>
          <w lemma="413">אֶל</w><seg type="x-maqqef">־</seg><w lemma="6846">צְפַנְיָה֙</w>
          <w lemma="1121">בֶּן</w><seg type="x-maqqef">־</seg><w lemma="3569">כּוּשִׁ֣י</w>
          <w lemma="1121">בֶן</w><seg type="x-maqqef">־</seg><w lemma="1436">גְּדַלְיָ֔ה</w>
          <w lemma="1121">בֶּן</w><seg type="x-maqqef">־</seg><w lemma="568">אֲמַרְיָ֖ה</w>
          <w lemma="1121">בֶּן</w><seg type="x-maqqef">־</seg><w lemma="2396">חִזְקִיָּ֑ה</w>
          <w lemma="3117">בִּ/ימֵ֛י</w>
          <w lemma="2977">יֹאשִׁיָּ֥הוּ</w>
          <w lemma="1121">בֶן</w><seg type="x-maqqef">־</seg><w lemma="526">אָמ֖וֹן</w>
          <w lemma="4428">מֶ֥לֶךְ</w>
          <w lemma="3063">יְהוּדָֽה</w><seg type="x-sof-pasuq">׃</seg> 
        </verse>
        <verse osisID="Zeph.1.2">
          <w lemma="622">אָסֹ֨ף</w>
          <w lemma="622">אָסֵ֜ף</w>
          <w lemma="3605">כֹּ֗ל</w>
          <w lemma="5921">מֵ/עַ֛ל</w>
          <w lemma="6440">פְּנֵ֥י</w>
          <w lemma="127">הָ/אֲדָמָ֖ה</w>
          <w lemma="5002">נְאֻם</w><seg type="x-maqqef">־</seg><w lemma="3068">יְהוָֽה</w><seg type="x-sof-pasuq">׃</seg> 
        </verse>
        <verse osisID="Zeph.1.3">
          <w lemma="622">אָסֵ֨ף</w>
          <w lemma="120">אָדָ֜ם</w>
          <w lemma="929">וּ/בְהֵמָ֗ה</w>
          <w lemma="622">אָסֵ֤ף</w>
          <w lemma="5775">עוֹף</w><seg type="x-maqqef">־</seg><w lemma="8064">הַ/שָּׁמַ֙יִם֙</w>
          <w lemma="1709">וּ/דְגֵ֣י</w>
          <w lemma="3220">הַ/יָּ֔ם</w>
          <w lemma="4384">וְ/הַ/מַּכְשֵׁל֖וֹת</w>
          <w lemma="854">אֶת</w><seg type="x-maqqef">־</seg><w lemma="7563">הָ/רְשָׁעִ֑ים</w>
          <w lemma="3772">וְ/הִכְרַתִּ֣י</w>
          <w lemma="853">אֶת</w><seg type="x-maqqef">־</seg><w lemma="120">הָ/אָדָ֗ם</w>
          <w lemma="5921">מֵ/עַ֛ל</w>
          <w lemma="6440">פְּנֵ֥י</w>
          <w lemma="127">הָ/אֲדָמָ֖ה</w>
          <w lemma="5002">נְאֻם</w><seg type="x-maqqef">־</seg><w lemma="3068">יְהוָֽה</w><seg type="x-sof-pasuq">׃</seg> 
        </verse>
        <verse osisID="Zeph.1.4">
          <w lemma="5186">וְ/נָטִ֤יתִי</w>
          <w lemma="3027">יָדִ/י֙</w>
          <w lemma="5921">עַל</w><seg type="x-maqqef">־</seg><w lemma="3063">יְהוּדָ֔ה</w>
          <w lemma="5921">וְ/עַ֖ל</w>
          <w lemma="3605">כָּל</w><seg type="x-maqqef">־</seg><w lemma="3427">יוֹשְׁבֵ֣י</w>
          <w lemma="3389">יְרוּשָׁלִָ֑ם</w>
          <w lemma="3772">וְ/הִכְרַתִּ֞י</w>
          <w lemma="4480">מִן</w><seg type="x-maqqef">־</seg><w lemma="4725">הַ/מָּק֤וֹם</w>
          <w lemma="2088">הַ/זֶּה֙</w>
          <w lemma="853">אֶת</w><seg type="x-maqqef">־</seg><w lemma="7605">שְׁאָ֣ר</w>
          <w lemma="1168">הַ/בַּ֔עַל</w>
          <w lemma="853">אֶת</w><seg type="x-maqqef">־</seg><w lemma="8034">שֵׁ֥ם</w>
          <w lemma="3649">הַ/כְּמָרִ֖ים</w>
          <w lemma="5973">עִם</w><seg type="x-maqqef">־</seg><w lemma="3548">הַ/כֹּהֲנִֽים</w><seg type="x-sof-pasuq">׃</seg> 
        </verse>
        <verse osisID="Zeph.1.5">
          <w lemma="853">וְ/אֶת</w><seg type="x-maqqef">־</seg><w lemma="7812">הַ/מִּשְׁתַּחֲוִ֥ים</w>
          <w lemma="5921">עַל</w><seg type="x-maqqef">־</seg><w lemma="1406">הַ/גַּגּ֖וֹת</w>
          <w lemma="6635">לִ/צְבָ֣א</w>
          <w lemma="8064">הַ/שָּׁמָ֑יִם</w>
          <w lemma="853">וְ/אֶת</w><seg type="x-maqqef">־</seg><w lemma="7812">הַ/מִּֽשְׁתַּחֲוִים֙</w>
          <w lemma="7650">הַ/נִּשְׁבָּעִ֣ים</w>
          <w lemma="3068">לַֽ/יהוָ֔ה</w>
          <w lemma="7650">וְ/הַ/נִּשְׁבָּעִ֖ים</w>
          <w lemma="4445">בְּ/מַלְכָּֽ/ם</w><seg type="x-sof-pasuq">׃</seg> 
        </verse>
        <verse osisID="Zeph.1.6">
          <w lemma="853">וְ/אֶת</w><seg type="x-maqqef">־</seg><w lemma="5472">הַ/נְּסוֹגִ֖ים</w>
          <w lemma="310">מֵ/אַחֲרֵ֣י</w>
          <w lemma="3068">יְהוָ֑ה</w>
          <w lemma="834">וַ/אֲשֶׁ֛ר</w>
          <w lemma="3808">לֹֽא</w><seg type="x-maqqef">־</seg><w lemma="1245">בִקְשׁ֥וּ</w>
          <w lemma="853">אֶת</w><seg type="x-maqqef">־</seg><w lemma="3068">יְהוָ֖ה</w>
          <w lemma="3808">וְ/לֹ֥א</w>
          <w lemma="1875">דְרָשֻֽׁ/הוּ</w><seg type="x-sof-pasuq">׃</seg> 
        </verse>
        <verse osisID="Zeph.1.7">
          <w lemma="2013">הַ֕ס</w>
          <w lemma="6440">מִ/פְּנֵ֖י</w>
          <w lemma="136">אֲדֹנָ֣/י</w>
          <w lemma="3069">יְהוִ֑ה</w>
          <w lemma="3588">כִּ֤י</w>
          <w lemma="7138">קָרוֹב֙</w>
          <w lemma="3117">י֣וֹם</w>
          <w lemma="3068">יְהוָ֔ה</w>
          <w lemma="3588">כִּֽי</w><seg type="x-maqqef">־</seg><w lemma="3559">הֵכִ֧ין</w>
          <w lemma="3068">יְהוָ֛ה</w>
          <w lemma="2077">זֶ֖בַח</w>
          <w lemma="6942">הִקְדִּ֥ישׁ</w>
          <w lemma="7121">קְרֻאָֽי/ו</w><seg type="x-sof-pasuq">׃</seg> 
        </verse>
        <verse osisID="Zeph.1.8">
          <w lemma="1961">וְ/הָיָ֗ה</w>
          <w lemma="3117">בְּ/יוֹם֙</w>
          <w lemma="2077">זֶ֣בַח</w>
          <w lemma="3068">יְהוָ֔ה</w>
          <w lemma="6485">וּ/פָקַדְתִּ֥י</w>
          <w lemma="5921">עַל</w><seg type="x-maqqef">־</seg><w lemma="8269">הַ/שָּׂרִ֖ים</w>
          <w lemma="5921">וְ/עַל</w><seg type="x-maqqef">־</seg><w lemma="1121">בְּנֵ֣י</w>
          <w lemma="4428">הַ/מֶּ֑לֶךְ</w>
          <w lemma="5921">וְ/עַ֥ל</w>
          <w lemma="3605">כָּל</w><seg type="x-maqqef">־</seg><w lemma="3847">הַ/לֹּבְשִׁ֖ים</w>
          <w lemma="4403">מַלְבּ֥וּשׁ</w>
          <w lemma="5237">נָכְרִֽי</w><seg type="x-sof-pasuq">׃</seg> 
        </verse>
        <verse osisID="Zeph.1.9">
          <w lemma="6485">וּ/פָקַדְתִּ֗י</w>
          <w lemma="5921">עַ֧ל</w>
          <w lemma="3605">כָּל</w><seg type="x-maqqef">־</seg><w lemma="1801">הַ/דּוֹלֵ֛ג</w>
          <w lemma="5921">עַל</w><seg type="x-maqqef">־</seg><w lemma="4670">הַ/מִּפְתָּ֖ן</w>
          <w lemma="3117">בַּ/יּ֣וֹם</w>
          <w lemma="1931">הַ/ה֑וּא</w>
          <w lemma="4390">הַֽ/מְמַלְאִ֛ים</w>
          <w lemma="1004">בֵּ֥ית</w>
          <w lemma="113">אֲדֹנֵי/הֶ֖ם</w>
          <w lemma="2555">חָמָ֥ס</w>
          <w lemma="4820">וּ/מִרְמָֽה</w><seg type="x-sof-pasuq">׃</seg> 
          <seg type="x-samekh">ס</seg> 
        </verse>
        <verse osisID="Zeph.1.10">
          <w lemma="1961">וְ/הָיָה֩</w>
          <w lemma="3117">בַ/יּ֨וֹם</w>
          <w lemma="1931">הַ/ה֜וּא</w>
          <w lemma="5002">נְאֻם</w><seg type="x-maqqef">־</seg><w lemma="3068">יְהוָ֗ה</w>
          <w lemma="6963">ק֤וֹל</w>
          <w lemma="6818">צְעָקָה֙</w>
          <w lemma="8179">מִ/שַּׁ֣עַר</w>
          <w lemma="1709">הַ/דָּגִ֔ים</w>
          <w lemma="3215">וִֽ/ילָלָ֖ה</w>
          <w lemma="4480">מִן</w><seg type="x-maqqef">־</seg><w lemma="4932">הַ/מִּשְׁנֶ֑ה</w>
          <w lemma="7667">וְ/שֶׁ֥בֶר</w>
          <w lemma="1419">גָּד֖וֹל</w>
          <w lemma="1389">מֵ/הַ/גְּבָעֽוֹת</w><seg type="x-sof-pasuq">׃</seg> 
        </verse>
        <verse osisID="Zeph.1.11">
          <w lemma="3213">הֵילִ֖ילוּ</w>
          <w lemma="3427">יֹשְׁבֵ֣י</w>
          <w lemma="4389">הַ/מַּכְתֵּ֑שׁ</w>
          <w lemma="3588">כִּ֤י</w>
          <w lemma="1820">נִדְמָה֙</w>
          <w lemma="3605">כָּל</w><seg type="x-maqqef">־</seg><w lemma="5971">עַ֣ם</w>
          <w lemma="3667">כְּנַ֔עַן</w>
          <w lemma="3772">נִכְרְת֖וּ</w>
          <w lemma="3605">כָּל</w><seg type="x-maqqef">־</seg><w lemma="5187">נְטִ֥ילֵי</w>
          <w lemma="3701">כָֽסֶף</w><seg type="x-sof-pasuq">׃</seg> 
        </verse>
        <verse osisID="Zeph.1.12">
          <w lemma="1961">וְ/הָיָה֙</w>
          <w lemma="6256">בָּ/עֵ֣ת</w>
          <w lemma="1931">הַ/הִ֔יא</w>
          <w lemma="2664">אֲחַפֵּ֥שׂ</w>
          <w lemma="853">אֶת</w><seg type="x-maqqef">־</seg><w lemma="3389">יְרוּשָׁלִַ֖ם</w>
          <w lemma="5216">בַּ/נֵּר֑וֹת</w>
          <w lemma="6485">וּ/פָקַדְתִּ֣י</w>
          <w lemma="5921">עַל</w><seg type="x-maqqef">־</seg><w lemma="376">הָ/אֲנָשִׁ֗ים</w>
          <w lemma="7087">הַ/קֹּֽפְאִים֙</w>
          <w lemma="5921">עַל</w><seg type="x-maqqef">־</seg><w lemma="8105">שִׁמְרֵי/הֶ֔ם</w>
          <w lemma="559">הָ/אֹֽמְרִים֙</w>
          <w lemma="3824">בִּ/לְבָבָ֔/ם</w>
          <w lemma="3808">לֹֽא</w><seg type="x-maqqef">־</seg><w lemma="3190">יֵיטִ֥יב</w>
          <w lemma="3068">יְהוָ֖ה</w>
          <w lemma="3808">וְ/לֹ֥א</w>
          <w lemma="7489">יָרֵֽעַ</w><seg type="x-sof-pasuq">׃</seg> 
        </verse>
        <verse osisID="Zeph.1.13">
          <w lemma="1961">וְ/הָיָ֤ה</w>
          <w lemma="2428">חֵילָ/ם֙</w>
          <w lemma="4933">לִ/מְשִׁסָּ֔ה</w>
          <w lemma="1004">וּ/בָתֵּי/הֶ֖ם</w>
          <w lemma="8077">לִ/שְׁמָמָ֑ה</w>
          <w lemma="1129">וּ/בָנ֤וּ</w>
          <w lemma="1004">בָתִּים֙</w>
          <w lemma="3808">וְ/לֹ֣א</w>
          <w lemma="3427">יֵשֵׁ֔בוּ</w>
          <w lemma="5193">וְ/נָטְע֣וּ</w>
          <w lemma="3754">כְרָמִ֔ים</w>
          <w lemma="3808">וְ/לֹ֥א</w>
          <w lemma="8354">יִשְׁתּ֖וּ</w>
          <w lemma="853">אֶת</w><seg type="x-maqqef">־</seg><w lemma="3196">יֵינָֽ/ם</w><seg type="x-sof-pasuq">׃</seg> 
        </verse>
        <verse osisID="Zeph.1.14">
          <w lemma="7138">קָר֤וֹב</w>
          <w lemma="3117">יוֹם</w><seg type="x-maqqef">־</seg><w lemma="3068">יְהוָה֙</w>
          <w lemma="1419">הַ/גָּד֔וֹל</w>
          <w lemma="7138">קָר֖וֹב</w>
          <w lemma="4118">וּ/מַהֵ֣ר</w>
          <w lemma="3966">מְאֹ֑ד</w>
          <w lemma="6963">ק֚וֹל</w>
          <w lemma="3117">י֣וֹם</w>
          <w lemma="3068">יְהוָ֔ה</w>
          <w lemma="4751">מַ֥ר</w>
          <w lemma="6873">צֹרֵ֖חַ</w>
          <w lemma="8033">שָׁ֥ם</w>
          <w lemma="1368">גִּבּֽוֹר</w><seg type="x-sof-pasuq">׃</seg> 
        </verse>
        <verse osisID="Zeph.1.15">
          <w lemma="3117">י֥וֹם</w>
          <w lemma="5678">עֶבְרָ֖ה</w>
          <w lemma="3117">הַ/יּ֣וֹם</w>
          <w lemma="1931">הַ/ה֑וּא</w>
          <w lemma="3117">י֧וֹם</w>
          <w lemma="6869">צָרָ֣ה</w>
          <w lemma="4691">וּ/מְצוּקָ֗ה</w>
          <w lemma="3117">י֤וֹם</w>
          <w lemma="7722">שֹׁאָה֙</w>
          <w lemma="4875">וּ/מְשׁוֹאָ֔ה</w>
          <w lemma="3117">י֥וֹם</w>
          <w lemma="2822">חֹ֙שֶׁךְ֙</w>
          <w lemma="653">וַ/אֲפֵלָ֔ה</w>
          <w lemma="3117">י֥וֹם</w>
          <w lemma="6051">עָנָ֖ן</w>
          <w lemma="6205">וַ/עֲרָפֶֽל</w><seg type="x-sof-pasuq">׃</seg> 
        </verse>
        <verse osisID="Zeph.1.16">
          <w lemma="3117">י֥וֹם</w>
          <w lemma="7782">שׁוֹפָ֖ר</w>
          <w lemma="8643">וּ/תְרוּעָ֑ה</w>
          <w lemma="5921">עַ֚ל</w>
          <w lemma="5892">הֶ/עָרִ֣ים</w>
          <w lemma="1219">הַ/בְּצֻר֔וֹת</w>
          <w lemma="5921">וְ/עַ֖ל</w>
          <w lemma="6438">הַ/פִּנּ֥וֹת</w>
          <w lemma="1364">הַ/גְּבֹהֽוֹת</w><seg type="x-sof-pasuq">׃</seg> 
        </verse>
        <verse osisID="Zeph.1.17">
          <w lemma="6887">וַ/הֲצֵרֹ֣תִי</w>
          <w lemma="120">לָ/אָדָ֗ם</w>
          <w lemma="1980">וְ/הָֽלְכוּ֙</w>
          <w lemma="5787">כַּֽ/עִוְרִ֔ים</w>
          <w lemma="3588">כִּ֥י</w>
          <w lemma="3068">לַֽ/יהוָ֖ה</w>
          <w lemma="2398">חָטָ֑אוּ</w>
          <w lemma="8210">וְ/שֻׁפַּ֤ךְ</w>
          <w lemma="1818">דָּמָ/ם֙</w>
          <w lemma="6083">כֶּֽ/עָפָ֔ר</w>
          <w lemma="3894">וּ/לְחֻמָ֖/ם</w>
          <w lemma="1561">כַּ/גְּלָלִֽים</w><seg type="x-sof-pasuq">׃</seg> 
        </verse>
        <verse osisID="Zeph.1.18">
          <w lemma="1571">גַּם</w><seg type="x-maqqef">־</seg><w lemma="3701">כַּסְפָּ֨/ם</w>
          <w lemma="1571">גַּם</w><seg type="x-maqqef">־</seg><w lemma="2091">זְהָבָ֜/ם</w>
          <w lemma="3808">לֹֽא</w><seg type="x-maqqef">־</seg><w lemma="3201">יוּכַ֣ל</w>
          <w lemma="5337">לְ/הַצִּילָ֗/ם</w>
          <w lemma="3117">בְּ/יוֹם֙</w>
          <w lemma="5678">עֶבְרַ֣ת</w>
          <w lemma="3068">יְהוָ֔ה</w>
          <w lemma="784">וּ/בְ/אֵשׁ֙</w>
          <w lemma="7068">קִנְאָת֔/וֹ</w>
          <w lemma="398">תֵּאָכֵ֖ל</w>
          <w lemma="3605">כָּל</w><seg type="x-maqqef">־</seg><w lemma="776">הָ/אָ֑רֶץ</w>
          <w lemma="3588">כִּֽי</w><seg type="x-maqqef">־</seg><w lemma="3617">כָלָ֤ה</w>
          <w lemma="389">אַךְ</w><seg type="x-maqqef">־</seg><w lemma="926">נִבְהָלָה֙</w>
          <w lemma="6213">יַֽעֲשֶׂ֔ה</w>
          <w lemma="853">אֵ֥ת</w>
          <w lemma="3605">כָּל</w><seg type="x-maqqef">־</seg><w lemma="3427">יֹשְׁבֵ֖י</w>
          <w lemma="776">הָ/אָֽרֶץ</w><seg type="x-sof-pasuq">׃</seg> 
          <seg type="x-samekh">ס</seg> 
        </verse>
      </chapter>
      <chapter osisID="Zeph.2">
        <verse osisID="Zeph.2.1">
          <w lemma="7197">הִֽתְקוֹשְׁשׁ֖וּ</w>
          <w lemma="7197">וָ/ק֑וֹשּׁוּ</w>
          <w lemma="1471">הַ/גּ֖וֹי</w>
          <w lemma="3808">לֹ֥א</w>
          <w lemma="3700">נִכְסָֽף</w><seg type="x-sof-pasuq">׃</seg> 
        </verse>
        <verse osisID="Zeph.2.2">
          <w lemma="2962">בְּ/טֶ֙רֶם֙</w>
          <w lemma="3205">לֶ֣דֶת</w>
          <w lemma="2706">חֹ֔ק</w>
          <w lemma="4671">כְּ/מֹ֖ץ</w>
          <w lemma="5674">עָ֣בַר</w>
          <w lemma="3117">י֑וֹם</w>
          <w lemma="2962">בְּ/טֶ֣רֶם</w>
          <seg type="x-paseq">׀</seg> 
          <w lemma="3808">לֹא</w><seg type="x-maqqef">־</seg><w lemma="935">יָב֣וֹא</w>
          <w lemma="5921">עֲלֵי/כֶ֗ם</w>
          <w lemma="2740">חֲרוֹן֙</w>
          <w lemma="639">אַף</w><seg type="x-maqqef">־</seg><w lemma="3068">יְהוָ֔ה</w>
          <w lemma="2962">בְּ/טֶ֙רֶם֙</w>
          <w lemma="3808">לֹא</w><seg type="x-maqqef">־</seg><w lemma="935">יָב֣וֹא</w>
          <w lemma="5921">עֲלֵי/כֶ֔ם</w>
          <w lemma="3117">י֖וֹם</w>
          <w lemma="639">אַף</w><seg type="x-maqqef">־</seg><w lemma="3068">יְהוָֽה</w><seg type="x-sof-pasuq">׃</seg> 
        </verse>
        <verse osisID="Zeph.2.3">
          <w lemma="1245">בַּקְּשׁ֤וּ</w>
          <w lemma="853">אֶת</w><seg type="x-maqqef">־</seg><w lemma="3068">יְהוָה֙</w>
          <w lemma="3605">כָּל</w><seg type="x-maqqef">־</seg><w lemma="6035">עַנְוֵ֣י</w>
          <w lemma="776">הָ/אָ֔רֶץ</w>
          <w lemma="834">אֲשֶׁ֥ר</w>
          <w lemma="4941">מִשְׁפָּט֖/וֹ</w>
          <w lemma="6466">פָּעָ֑לוּ</w>
          <w lemma="1245">בַּקְּשׁוּ</w><seg type="x-maqqef">־</seg><w lemma="6664">צֶ֙דֶק֙</w>
          <w lemma="1245">בַּקְּשׁ֣וּ</w>
          <w lemma="6038">עֲנָוָ֔ה</w>
          <w lemma="194">אוּלַי֙</w>
          <w lemma="5641">תִּסָּ֣תְר֔וּ</w>
          <w lemma="3117">בְּ/י֖וֹם</w>
          <w lemma="639">אַף</w><seg type="x-maqqef">־</seg><w lemma="3068">יְהוָֽה</w><seg type="x-sof-pasuq">׃</seg> 
        </verse>
        <verse osisID="Zeph.2.4">
          <w lemma="3588">כִּ֤י</w>
          <w lemma="5804">עַזָּה֙</w>
          <w lemma="5800">עֲזוּבָ֣ה</w>
          <w lemma="1961">תִֽהְיֶ֔ה</w>
          <w lemma="831">וְ/אַשְׁקְל֖וֹן</w>
          <w lemma="8077">לִ/שְׁמָמָ֑ה</w>
          <w lemma="795">אַשְׁדּ֗וֹד</w>
          <w lemma="6672">בַּֽ/צָּהֳרַ֙יִם֙</w>
          <w lemma="1644">יְגָ֣רְשׁ֔וּ/הָ</w>
          <w lemma="6138">וְ/עֶקְר֖וֹן</w>
          <w lemma="6131">תֵּעָקֵֽר</w><seg type="x-sof-pasuq">׃</seg> 
          <seg type="x-samekh">ס</seg> 
        </verse>
        <verse osisID="Zeph.2.5">
          <w lemma="1945">ה֗וֹי</w>
          <w lemma="3427">יֹֽשְׁבֵ֛י</w>
          <w lemma="2256">חֶ֥בֶל</w>
          <w lemma="3220">הַ/יָּ֖ם</w>
          <w lemma="1471">גּ֣וֹי</w>
          <w lemma="3774">כְּרֵתִ֑ים</w>
          <w lemma="1697">דְּבַר</w><seg type="x-maqqef">־</seg><w lemma="3068">יְהוָ֣ה</w>
          <w lemma="5921">עֲלֵי/כֶ֗ם</w>
          <w lemma="3667">כְּנַ֙עַן֙</w>
          <w lemma="776">אֶ֣רֶץ</w>
          <w lemma="6430">פְּלִשְׁתִּ֔ים</w>
          <w lemma="6">וְ/הַאֲבַדְתִּ֖י/ךְ</w>
          <w lemma="369">מֵ/אֵ֥ין</w>
          <w lemma="3427">יוֹשֵֽׁב</w><seg type="x-sof-pasuq">׃</seg> 
        </verse>
        <verse osisID="Zeph.2.6">
          <w lemma="1961">וְֽ/הָיְתָ֞ה</w>
          <w lemma="2256">חֶ֣בֶל</w>
          <w lemma="3220">הַ/יָּ֗ם</w>
          <w lemma="5116">נְוֺ֛ת</w>
          <w lemma="3741">כְּרֹ֥ת</w>
          <w lemma="7462">רֹעִ֖ים</w>
          <w lemma="1448">וְ/גִדְר֥וֹת</w>
          <w lemma="6629">צֹֽאן</w><seg type="x-sof-pasuq">׃</seg> 
        </verse>
        <verse osisID="Zeph.2.7">
          <w lemma="1961">וְ/הָ֣יָה</w>
          <w lemma="2256">חֶ֗בֶל</w>
          <w lemma="7611">לִ/שְׁאֵרִ֛ית</w>
          <w lemma="1004">בֵּ֥ית</w>
          <w lemma="3063">יְהוּדָ֖ה</w>
          <w lemma="5921">עֲלֵי/הֶ֣ם</w>
          <w lemma="7462">יִרְע֑וּ/ן</w>
          <w lemma="1004">בְּ/בָתֵּ֣י</w>
          <w lemma="831">אַשְׁקְל֗וֹן</w>
          <w lemma="6153">בָּ/עֶ֙רֶב֙</w>
          <w lemma="7257">יִרְבָּצ֔וּ/ן</w>
          <w lemma="3588">כִּ֧י</w>
          <w lemma="6485">יִפְקְדֵ֛/ם</w>
          <w lemma="3068">יְהוָ֥ה</w>
          <w lemma="430">אֱלֹהֵי/הֶ֖ם</w>
          <w lemma="7725">וְ/שָׁ֥ב</w>
          <w lemma="7622">שבות/ם</w><note type="variant"><catchWord>שבות/ם</catchWord><rdg type="x-qere"><w lemma="7622">שְׁבִיתָֽ/ם</w></rdg></note><seg type="x-sof-pasuq">׃</seg> 
        </verse>
        <verse osisID="Zeph.2.8">
          <w lemma="8085">שָׁמַ֙עְתִּי֙</w>
          <w lemma="2781">חֶרְפַּ֣ת</w>
          <w lemma="4124">מוֹאָ֔ב</w>
          <w lemma="1421">וְ/גִדּוּפֵ֖י</w>
          <w lemma="1121">בְּנֵ֣י</w>
          <w lemma="5983">עַמּ֑וֹן</w>
          <w lemma="834">אֲשֶׁ֤ר</w>
          <w lemma="2778">חֵֽרְפוּ֙</w>
          <w lemma="853">אֶת</w><seg type="x-maqqef">־</seg><w lemma="5971">עַמִּ֔/י</w>
          <w lemma="1431">וַ/יַּגְדִּ֖ילוּ</w>
          <w lemma="5921">עַל</w><seg type="x-maqqef">־</seg><w lemma="1366">גְּבוּלָֽ/ם</w><seg type="x-sof-pasuq">׃</seg> 
        </verse>
        <verse osisID="Zeph.2.9">
          <w lemma="3651">לָ/כֵ֣ן</w>
          <w lemma="2416">חַי</w><seg type="x-maqqef">־</seg><w lemma="589">אָ֡נִי</w>
          <w lemma="5002">נְאֻם֩</w>
          <w lemma="3068">יְהוָ֨ה</w>
          <w lemma="6635">צְבָא֜וֹת</w>
          <w lemma="430">אֱלֹהֵ֣י</w>
          <w lemma="3478">יִשְׂרָאֵ֗ל</w>
          <w lemma="3588">כִּֽי</w><seg type="x-maqqef">־</seg><w lemma="4124">מוֹאָ֞ב</w>
          <w lemma="5467">כִּ/סְדֹ֤ם</w>
          <w lemma="1961">תִּֽהְיֶה֙</w>
          <w lemma="1121">וּ/בְנֵ֤י</w>
          <w lemma="5983">עַמּוֹן֙</w>
          <w lemma="6017">כַּֽ/עֲמֹרָ֔ה</w>
          <w lemma="4476">מִמְשַׁ֥ק</w>
          <w lemma="2738">חָר֛וּל</w>
          <w lemma="4379">וּ/מִכְרֵה</w><seg type="x-maqqef">־</seg><w lemma="4417">מֶ֥לַח</w>
          <w lemma="8077">וּ/שְׁמָמָ֖ה</w>
          <w lemma="5704">עַד</w><seg type="x-maqqef">־</seg><w lemma="5769">עוֹלָ֑ם</w>
          <w lemma="7611">שְׁאֵרִ֤ית</w>
          <w lemma="5971">עַמִּ/י֙</w>
          <w lemma="962">יְבָזּ֔וּ/ם</w>
          <w lemma="3499">וְ/יֶ֥תֶר</w>
          <w lemma="1471">גוי</w><note type="variant"><catchWord>גוי</catchWord><rdg type="x-qere"><w lemma="1471">גּוֹיִ֖/י</w></rdg></note>
          <w lemma="5157">יִנְחָלֽוּ/ם</w><seg type="x-sof-pasuq">׃</seg> 
        </verse>
        <verse osisID="Zeph.2.10">
          <w lemma="2063">זֹ֥את</w>
          <w lemma="1992">לָ/הֶ֖ם</w>
          <w lemma="8478">תַּ֣חַת</w>
          <w lemma="1347">גְּאוֹנָ֑/ם</w>
          <w lemma="3588">כִּ֤י</w>
          <w lemma="2778">חֵֽרְפוּ֙</w>
          <w lemma="1431">וַ/יַּגְדִּ֔לוּ</w>
          <w lemma="5921">עַל</w><seg type="x-maqqef">־</seg><w lemma="5971">עַ֖ם</w>
          <w lemma="3068">יְהוָ֥ה</w>
          <w lemma="6635">צְבָאֽוֹת</w><seg type="x-sof-pasuq">׃</seg> 
        </verse>
        <verse osisID="Zeph.2.11">
          <w lemma="3372">נוֹרָ֤א</w>
          <w lemma="3068">יְהוָה֙</w>
          <w lemma="5921">עֲלֵי/הֶ֔ם</w>
          <w lemma="3588">כִּ֣י</w>
          <w lemma="7329">רָזָ֔ה</w>
          <w lemma="853">אֵ֖ת</w>
          <w lemma="3605">כָּל</w><seg type="x-maqqef">־</seg><w lemma="430">אֱלֹהֵ֣י</w>
          <w lemma="776">הָ/אָ֑רֶץ</w>
          <w lemma="7812">וְ/יִשְׁתַּֽחֲווּ</w><seg type="x-maqqef">־</seg><w>ל/וֹ֙</w>
          <w lemma="376">אִ֣ישׁ</w>
          <w lemma="4725">מִ/מְּקוֹמ֔/וֹ</w>
          <w lemma="3605">כֹּ֖ל</w>
          <w lemma="339">אִיֵּ֥י</w>
          <w lemma="1471">הַ/גּוֹיִֽם</w><seg type="x-sof-pasuq">׃</seg> 
        </verse>
        <verse osisID="Zeph.2.12">
          <w lemma="1571">גַּם</w><seg type="x-maqqef">־</seg><w lemma="859">אַתֶּ֣ם</w>
          <w lemma="3569">כּוּשִׁ֔ים</w>
          <w lemma="2491">חַֽלְלֵ֥י</w>
          <w lemma="2719">חַרְבִּ֖/י</w>
          <w lemma="1992">הֵֽמָּה</w><seg type="x-sof-pasuq">׃</seg> 
        </verse>
        <verse osisID="Zeph.2.13">
          <w lemma="5186">וְ/יֵ֤ט</w>
          <w lemma="3027">יָד/וֹ֙</w>
          <w lemma="5921">עַל</w><seg type="x-maqqef">־</seg><w lemma="6828">צָפ֔וֹן</w>
          <w lemma="6">וִֽ/יאַבֵּ֖ד</w>
          <w lemma="853">אֶת</w><seg type="x-maqqef">־</seg><w lemma="804">אַשּׁ֑וּר</w>
          <w lemma="7760">וְ/יָשֵׂ֤ם</w>
          <w lemma="853">אֶת</w><seg type="x-maqqef">־</seg><w lemma="5210">נִֽינְוֵה֙</w>
          <w lemma="8077">לִ/שְׁמָמָ֔ה</w>
          <w lemma="6723">צִיָּ֖ה</w>
          <w lemma="4057">כַּ/מִּדְבָּֽר</w><seg type="x-sof-pasuq">׃</seg> 
        </verse>
        <verse osisID="Zeph.2.14">
          <w lemma="7257">וְ/רָבְצ֨וּ</w>
          <w lemma="8432">בְ/תוֹכָ֤/הּ</w>
          <w lemma="5739">עֲדָרִים֙</w>
          <w lemma="3605">כָּל</w><seg type="x-maqqef">־</seg><w lemma="2416">חַיְת/וֹ</w><seg type="x-maqqef">־</seg><w lemma="1471">ג֔וֹי</w>
          <w lemma="1571">גַּם</w><seg type="x-maqqef">־</seg><w lemma="6893">קָאַת֙</w>
          <w lemma="1571">גַּם</w><seg type="x-maqqef">־</seg><w lemma="7090">קִפֹּ֔ד</w>
          <w lemma="3730">בְּ/כַפְתֹּרֶ֖י/הָ</w>
          <w lemma="3885">יָלִ֑ינוּ</w>
          <w lemma="6963">ק֠וֹל</w>
          <w lemma="7891">יְשׁוֹרֵ֤ר</w>
          <w lemma="2474">בַּֽ/חַלּוֹן֙</w>
          <w lemma="2721">חֹ֣רֶב</w>
          <w lemma="5592">בַּ/סַּ֔ף</w>
          <w lemma="3588">כִּ֥י</w>
          <w lemma="731">אַרְזָ֖ה</w>
          <w lemma="6168">עֵרָֽה</w><seg type="x-sof-pasuq">׃</seg> 
        </verse>
        <verse osisID="Zeph.2.15">
          <w lemma="2063">זֹ֠את</w>
          <note>We read or understand the cantillation in L differently than BHS (1983 Edition). Often this notation indicates a typographical error in BHS.</note>
          <w lemma="5892">הָ/עִ֤יר</w>
          <w lemma="5947">הָ/עַלִּיזָה֙</w>
          <w lemma="3427">הַ/יּוֹשֶׁ֣בֶת</w>
          <w lemma="983">לָ/בֶ֔טַח</w>
          <w lemma="559">הָ/אֹֽמְרָה֙</w>
          <w lemma="3824">בִּ/לְבָבָ֔/הּ</w>
          <w lemma="589">אֲנִ֖י</w>
          <w lemma="657">וְ/אַפְסִ֣/י</w>
          <w lemma="5750">ע֑וֹד</w>
          <w lemma="349">אֵ֣יךְ</w>
          <seg type="x-paseq">׀</seg> 
          <w lemma="1961">הָיְתָ֣ה</w>
          <w lemma="8047">לְ/שַׁמָּ֗ה</w>
          <w lemma="4769">מַרְבֵּץ֙</w>
          <w lemma="2416">לַֽ/חַיָּ֔ה</w>
          <w lemma="3605">כֹּ֚ל</w>
          <w lemma="5674">עוֹבֵ֣ר</w>
          <w lemma="5921">עָלֶ֔י/הָ</w>
          <w lemma="8319">יִשְׁרֹ֖ק</w>
          <w lemma="5128">יָנִ֥יעַ</w>
          <w lemma="3027">יָדֽ/וֹ</w><seg type="x-sof-pasuq">׃</seg> 
          <seg type="x-samekh">ס</seg> 
        </verse>
      </chapter>
      <chapter osisID="Zeph.3">
        <verse osisID="Zeph.3.1">
          <w lemma="1945">ה֥וֹי</w>
          <w lemma="4754">מֹרְאָ֖ה</w>
          <w lemma="1351">וְ/נִגְאָלָ֑ה</w>
          <w lemma="5892">הָ/עִ֖יר</w>
          <w lemma="3238">הַ/יּוֹנָֽה</w><seg type="x-sof-pasuq">׃</seg> 
        </verse>
        <verse osisID="Zeph.3.2">
          <w lemma="3808">לֹ֤א</w>
          <w lemma="8085">שָֽׁמְעָה֙</w>
          <w lemma="6963">בְּ/ק֔וֹל</w>
          <w lemma="3808">לֹ֥א</w>
          <w lemma="3947">לָקְחָ֖ה</w>
          <w lemma="4148">מוּסָ֑ר</w>
          <w lemma="3068">בַּֽ/יהוָה֙</w>
          <w lemma="3808">לֹ֣א</w>
          <w lemma="982">בָטָ֔חָה</w>
          <w lemma="413">אֶל</w><seg type="x-maqqef">־</seg><w lemma="430">אֱלֹהֶ֖י/הָ</w>
          <w lemma="3808">לֹ֥א</w>
          <w lemma="7126">קָרֵֽבָה</w><seg type="x-sof-pasuq">׃</seg> 
        </verse>
        <verse osisID="Zeph.3.3">
          <w lemma="8269">שָׂרֶ֣י/הָ</w>
          <w lemma="7130">בְ/קִרְבָּ֔/הּ</w>
          <w lemma="738">אֲרָי֖וֹת</w>
          <w lemma="7580">שֹֽׁאֲגִ֑ים</w>
          <w lemma="8199">שֹׁפְטֶ֙י/הָ֙</w>
          <w lemma="2061">זְאֵ֣בֵי</w>
          <w lemma="6153">עֶ֔רֶב</w>
          <w lemma="3808">לֹ֥א</w>
          <w lemma="1633">גָרְמ֖וּ</w>
          <w lemma="1242">לַ/בֹּֽקֶר</w><seg type="x-sof-pasuq">׃</seg> 
        </verse>
        <verse osisID="Zeph.3.4">
          <w lemma="5030">נְבִיאֶ֙י/הָ֙</w>
          <w lemma="6348">פֹּֽחֲזִ֔ים</w>
          <w lemma="582">אַנְשֵׁ֖י</w>
          <w lemma="900">בֹּֽגְד֑וֹת</w>
          <w lemma="3548">כֹּהֲנֶ֙י/הָ֙</w>
          <w lemma="2490">חִלְּלוּ</w><seg type="x-maqqef">־</seg><w lemma="6944">קֹ֔דֶשׁ</w>
          <w lemma="2554">חָמְס֖וּ</w>
          <w lemma="8451">תּוֹרָֽה</w><seg type="x-sof-pasuq">׃</seg> 
        </verse>
        <verse osisID="Zeph.3.5">
          <w lemma="3068">יְהוָ֤ה</w>
          <w lemma="6662">צַדִּיק֙</w>
          <w lemma="7130">בְּ/קִרְבָּ֔/הּ</w>
          <w lemma="3808">לֹ֥א</w>
          <w lemma="6213">יַעֲשֶׂ֖ה</w>
          <w lemma="5766">עַוְלָ֑ה</w>
          <w lemma="1242">בַּ/בֹּ֨קֶר</w>
          <w lemma="1242">בַּ/בֹּ֜קֶר</w>
          <w lemma="4941">מִשְׁפָּט֨/וֹ</w>
          <w lemma="5414">יִתֵּ֤ן</w>
          <w lemma="216">לָ/אוֹר֙</w>
          <w lemma="3808">לֹ֣א</w>
          <w lemma="5737">נֶעְדָּ֔ר</w>
          <w lemma="3808">וְ/לֹֽא</w><seg type="x-maqqef">־</seg><w lemma="3045">יוֹדֵ֥עַ</w>
          <w lemma="5767">עַוָּ֖ל</w>
          <w lemma="1322">בֹּֽשֶׁת</w><seg type="x-sof-pasuq">׃</seg> 
        </verse>
        <verse osisID="Zeph.3.6">
          <w lemma="3772">הִכְרַ֣תִּי</w>
          <w lemma="1471">גוֹיִ֗ם</w>
          <w lemma="8074">נָשַׁ֙מּוּ֙</w>
          <w lemma="6438">פִּנּוֹתָ֔/ם</w>
          <w lemma="2717">הֶחֱרַ֥בְתִּי</w>
          <w lemma="2351">חֽוּצוֹתָ֖/ם</w>
          <w lemma="1097">מִ/בְּלִ֣י</w>
          <w lemma="5674">עוֹבֵ֑ר</w>
          <w lemma="6658">נִצְדּ֧וּ</w>
          <w lemma="5892">עָרֵי/הֶ֛ם</w>
          <w lemma="1097">מִ/בְּלִי</w><seg type="x-maqqef">־</seg><w lemma="376">אִ֖ישׁ</w>
          <w lemma="369">מֵ/אֵ֥ין</w>
          <w lemma="3427">יוֹשֵֽׁב</w><seg type="x-sof-pasuq">׃</seg> 
        </verse>
        <verse osisID="Zeph.3.7">
          <w lemma="559">אָמַ֜רְתִּי</w>
          <w lemma="389">אַךְ</w><seg type="x-maqqef">־</seg><w lemma="3372">תִּירְאִ֤י</w>
          <w lemma="853">אוֹתִ/י֙</w>
          <w lemma="3947">תִּקְחִ֣י</w>
          <w lemma="4148">מוּסָ֔ר</w>
          <w lemma="3808">וְ/לֹֽא</w><seg type="x-maqqef">־</seg><w lemma="3772">יִכָּרֵ֣ת</w>
          <w lemma="4585">מְעוֹנָ֔/הּ</w>
          <w lemma="3605">כֹּ֥ל</w>
          <w lemma="834">אֲשֶׁר</w><seg type="x-maqqef">־</seg><w lemma="6485">פָּקַ֖דְתִּי</w>
          <w lemma="5921">עָלֶ֑י/הָ</w>
          <w lemma="403">אָכֵן֙</w>
          <w lemma="7925">הִשְׁכִּ֣ימוּ</w>
          <w lemma="7843">הִשְׁחִ֔יתוּ</w>
          <w lemma="3605">כֹּ֖ל</w>
          <w lemma="5949">עֲלִילוֹתָֽ/ם</w><seg type="x-sof-pasuq">׃</seg> 
        </verse>
        <verse osisID="Zeph.3.8">
          <w lemma="3651">לָ/כֵ֤ן</w>
          <w lemma="2442">חַכּוּ</w><seg type="x-maqqef">־</seg><w>לִ/י֙</w>
          <w lemma="5002">נְאֻם</w><seg type="x-maqqef">־</seg><w lemma="3068">יְהוָ֔ה</w>
          <w lemma="3117">לְ/י֖וֹם</w>
          <w lemma="6965">קוּמִ֣/י</w>
          <w lemma="5706">לְ/עַ֑ד</w>
          <w lemma="3588">כִּ֣י</w>
          <w lemma="4941">מִשְׁפָּטִ/י֩</w>
          <w lemma="622">לֶ/אֱסֹ֨ף</w>
          <w lemma="1471">גּוֹיִ֜ם</w>
          <w lemma="6908">לְ/קָבְצִ֣/י</w>
          <w lemma="4467">מַמְלָכ֗וֹת</w>
          <w lemma="8210">לִ/שְׁפֹּ֨ךְ</w>
          <w lemma="5921">עֲלֵי/הֶ֤ם</w>
          <w lemma="2195">זַעְמִ/י֙</w>
          <w lemma="3605">כֹּ֚ל</w>
          <w lemma="2740">חֲר֣וֹן</w>
          <w lemma="639">אַפִּ֔/י</w>
          <w lemma="3588">כִּ֚י</w>
          <w lemma="784">בְּ/אֵ֣שׁ</w>
          <w lemma="7068">קִנְאָתִ֔/י</w>
          <w lemma="398">תֵּאָכֵ֖ל</w>
          <w lemma="3605">כָּל</w><seg type="x-maqqef">־</seg><w lemma="776">הָ/אָֽרֶץ</w><seg type="x-sof-pasuq">׃</seg> 
        </verse>
        <verse osisID="Zeph.3.9">
          <w lemma="3588">כִּֽי</w><seg type="x-maqqef">־</seg><w lemma="227">אָ֛ז</w>
          <w lemma="2015">אֶהְפֹּ֥ךְ</w>
          <w lemma="413">אֶל</w><seg type="x-maqqef">־</seg><w lemma="5971">עַמִּ֖ים</w>
          <w lemma="8193">שָׂפָ֣ה</w>
          <w lemma="1305">בְרוּרָ֑ה</w>
          <w lemma="7121">לִ/קְרֹ֤א</w>
          <w lemma="3605">כֻלָּ/ם֙</w>
          <w lemma="8034">בְּ/שֵׁ֣ם</w>
          <w lemma="3068">יְהוָ֔ה</w>
          <w lemma="5647">לְ/עָבְד֖/וֹ</w>
          <w lemma="7926">שְׁכֶ֥ם</w>
          <w lemma="259">אֶחָֽד</w><seg type="x-sof-pasuq">׃</seg> 
        </verse>
        <verse osisID="Zeph.3.10">
          <w lemma="5676">מֵ/עֵ֖בֶר</w>
          <w lemma="5104">לְ/נַֽהֲרֵי</w><seg type="x-maqqef">־</seg><w lemma="3568">כ֑וּשׁ</w>
          <w lemma="6282">עֲתָרַ/י֙</w>
          <w lemma="1323">בַּת</w><seg type="x-maqqef">־</seg><w lemma="6327">פּוּצַ֔/י</w>
          <w lemma="2986">יוֹבִל֖וּ/ן</w>
          <w lemma="4503">מִנְחָתִֽ/י</w><seg type="x-sof-pasuq">׃</seg> 
        </verse>
        <verse osisID="Zeph.3.11">
          <w lemma="3117">בַּ/יּ֣וֹם</w>
          <w lemma="1931">הַ/ה֗וּא</w>
          <w lemma="3808">לֹ֤א</w>
          <w lemma="954">תֵב֙וֹשִׁי֙</w>
          <w lemma="3605">מִ/כֹּ֣ל</w>
          <w lemma="5949">עֲלִילֹתַ֔יִ/ךְ</w>
          <w lemma="834">אֲשֶׁ֥ר</w>
          <w lemma="6586">פָּשַׁ֖עַתְּ</w>
          <w>בִּ֑/י</w>
          <w lemma="3588">כִּי</w><seg type="x-maqqef">־</seg><w lemma="227">אָ֣ז</w>
          <seg type="x-paseq">׀</seg> 
          <w lemma="5493">אָסִ֣יר</w>
          <w lemma="7130">מִ/קִּרְבֵּ֗/ךְ</w>
          <w lemma="5947">עַלִּיזֵי֙</w>
          <w lemma="1346">גַּאֲוָתֵ֔/ךְ</w>
          <w lemma="3808">וְ/לֹֽא</w><seg type="x-maqqef">־</seg><w lemma="3254">תוֹסִ֧פִי</w>
          <w lemma="1361">לְ/גָבְהָ֛ה</w>
          <w lemma="5750">ע֖וֹד</w>
          <w lemma="2022">בְּ/הַ֥ר</w>
          <w lemma="6944">קָדְשִֽׁ/י</w><seg type="x-sof-pasuq">׃</seg> 
        </verse>
        <verse osisID="Zeph.3.12">
          <w lemma="7604">וְ/הִשְׁאַרְתִּ֣י</w>
          <w lemma="7130">בְ/קִרְבֵּ֔/ךְ</w>
          <w lemma="5971">עַ֥ם</w>
          <w lemma="6041">עָנִ֖י</w>
          <w lemma="1800">וָ/דָ֑ל</w>
          <w lemma="2620">וְ/חָס֖וּ</w>
          <w lemma="8034">בְּ/שֵׁ֥ם</w>
          <w lemma="3068">יְהוָֽה</w><seg type="x-sof-pasuq">׃</seg> 
        </verse>
        <verse osisID="Zeph.3.13">
          <w lemma="7611">שְׁאֵרִ֨ית</w>
          <w lemma="3478">יִשְׂרָאֵ֜ל</w>
          <w lemma="3808">לֹֽא</w><seg type="x-maqqef">־</seg><w lemma="6213">יַעֲשׂ֤וּ</w>
          <w lemma="5766">עַוְלָה֙</w>
          <w lemma="3808">וְ/לֹא</w><seg type="x-maqqef">־</seg><w lemma="1696">יְדַבְּר֣וּ</w>
          <w lemma="3577">כָזָ֔ב</w>
          <w lemma="3808">וְ/לֹֽא</w><seg type="x-maqqef">־</seg><w lemma="4672">יִמָּצֵ֥א</w>
          <w lemma="6310">בְּ/פִי/הֶ֖ם</w>
          <w lemma="3956">לְשׁ֣וֹן</w>
          <w lemma="8649">תַּרְמִ֑ית</w>
          <w lemma="3588">כִּֽי</w><seg type="x-maqqef">־</seg><w lemma="1992">הֵ֛מָּה</w>
          <w lemma="7462">יִרְע֥וּ</w>
          <w lemma="7257">וְ/רָבְצ֖וּ</w>
          <w lemma="369">וְ/אֵ֥ין</w>
          <w lemma="2729">מַחֲרִֽיד</w><seg type="x-sof-pasuq">׃</seg> 
          <seg type="x-samekh">ס</seg> 
        </verse>
        <verse osisID="Zeph.3.14">
          <w lemma="7442">רָנִּי֙</w>
          <w lemma="1323">בַּת</w><seg type="x-maqqef">־</seg><w lemma="6726">צִיּ֔וֹן</w>
          <w lemma="7321">הָרִ֖יעוּ</w>
          <w lemma="3478">יִשְׂרָאֵ֑ל</w>
          <w lemma="8055">שִׂמְחִ֤י</w>
          <w lemma="5937">וְ/עָלְזִי֙</w>
          <w lemma="3605">בְּ/כָל</w><seg type="x-maqqef">־</seg><w lemma="3820">לֵ֔ב</w>
          <w lemma="1323">בַּ֖ת</w>
          <w lemma="3389">יְרוּשָׁלִָֽם</w><seg type="x-sof-pasuq">׃</seg> 
        </verse>
        <verse osisID="Zeph.3.15">
          <w lemma="5493">הֵסִ֤יר</w>
          <w lemma="3068">יְהוָה֙</w>
          <w lemma="4941">מִשְׁפָּטַ֔יִ/ךְ</w>
          <w lemma="6437">פִּנָּ֖ה</w>
          <w lemma="341">אֹֽיְבֵ֑/ךְ</w>
          <w lemma="4428">מֶ֣לֶךְ</w>
          <w lemma="3478">יִשְׂרָאֵ֤ל</w>
          <seg type="x-paseq">׀</seg> 
          <w lemma="3068">יְהוָה֙</w>
          <w lemma="7130">בְּ/קִרְבֵּ֔/ךְ</w>
          <w lemma="3808">לֹא</w><seg type="x-maqqef">־</seg><w lemma="3372">תִֽירְאִ֥י</w>
          <w lemma="7451">רָ֖ע</w>
          <w lemma="5750">עֽוֹד</w><seg type="x-sof-pasuq">׃</seg> 
        </verse>
        <verse osisID="Zeph.3.16">
          <w lemma="3117">בַּ/יּ֣וֹם</w>
          <w lemma="1931">הַ/ה֔וּא</w>
          <w lemma="559">יֵאָמֵ֥ר</w>
          <w lemma="3389">לִ/ירֽוּשָׁלִַ֖ם</w>
          <w lemma="408">אַל</w><seg type="x-maqqef">־</seg><w lemma="3372">תִּירָ֑אִי</w>
          <w lemma="6726">צִיּ֖וֹן</w>
          <w lemma="408">אַל</w><seg type="x-maqqef">־</seg><w lemma="7503">יִרְפּ֥וּ</w>
          <w lemma="3027">יָדָֽיִ/ךְ</w><seg type="x-sof-pasuq">׃</seg> 
        </verse>
        <verse osisID="Zeph.3.17">
          <w lemma="3068">יְהוָ֧ה</w>
          <w lemma="430">אֱלֹהַ֛יִ/ךְ</w>
          <w lemma="7130">בְּ/קִרְבֵּ֖/ך</w>
          <w lemma="1368">גִּבּ֣וֹר</w>
          <w lemma="3467">יוֹשִׁ֑יעַ</w>
          <w lemma="7797">יָשִׂ֨ישׂ</w>
          <w lemma="5921">עָלַ֜יִ/ךְ</w>
          <w lemma="8057">בְּ/שִׂמְחָ֗ה</w>
          <w lemma="2790">יַחֲרִישׁ֙</w>
          <w lemma="160">בְּ/אַ֣הֲבָת֔/וֹ</w>
          <w lemma="1523">יָגִ֥יל</w>
          <w lemma="5921">עָלַ֖יִ/ךְ</w>
          <w lemma="7440">בְּ/רִנָּֽה</w><seg type="x-sof-pasuq">׃</seg> 
        </verse>
        <verse osisID="Zeph.3.18">
          <w lemma="3013">נוּגֵ֧י</w>
          <w lemma="4150">מִ/מּוֹעֵ֛ד</w>
          <w lemma="622">אָסַ֖פְתִּי</w>
          <w lemma="4480">מִמֵּ֣/ךְ</w>
          <w lemma="1961">הָי֑וּ</w>
          <w lemma="4864">מַשְׂאֵ֥ת</w>
          <w lemma="5921">עָלֶ֖י/הָ</w>
          <w lemma="2781">חֶרְפָּֽה</w><seg type="x-sof-pasuq">׃</seg> 
        </verse>
        <verse osisID="Zeph.3.19">
          <w lemma="2005">הִנְ/נִ֥י</w>
          <w lemma="6213">עֹשֶׂ֛ה</w>
          <w lemma="853">אֶת</w><seg type="x-maqqef">־</seg><w lemma="3605">כָּל</w><seg type="x-maqqef">־</seg><w lemma="6031">מְעַנַּ֖יִ/ךְ</w>
          <w lemma="6256">בָּ/עֵ֣ת</w>
          <w lemma="1931">הַ/הִ֑יא</w>
          <w lemma="3467">וְ/הוֹשַׁעְתִּ֣י</w>
          <w lemma="853">אֶת</w><seg type="x-maqqef">־</seg><w lemma="6760">הַ/צֹּלֵעָ֗ה</w>
          <w lemma="5080">וְ/הַ/נִּדָּחָה֙</w>
          <w lemma="6908">אֲקַבֵּ֔ץ</w>
          <w lemma="7760">וְ/שַׂמְתִּי/ם֙</w>
          <w lemma="8416">לִ/תְהִלָּ֣ה</w>
          <w lemma="8034">וּ/לְ/שֵׁ֔ם</w>
          <w lemma="3605">בְּ/כָל</w><seg type="x-maqqef">־</seg><w lemma="776">הָ/אָ֖רֶץ</w>
          <w lemma="1322">בָּשְׁתָּֽ/ם</w><seg type="x-sof-pasuq">׃</seg> 
        </verse>
        <verse osisID="Zeph.3.20">
          <w lemma="6256">בָּ/עֵ֤ת</w>
          <w lemma="1931">הַ/הִיא֙</w>
          <w lemma="935">אָבִ֣יא</w>
          <w lemma="853">אֶתְ/כֶ֔ם</w>
          <w lemma="6256">וּ/בָ/עֵ֖ת</w>
          <w lemma="6908">קַבְּצִ֣/י</w>
          <w lemma="853">אֶתְ/כֶ֑ם</w>
          <w lemma="3588">כִּֽי</w><seg type="x-maqqef">־</seg><w lemma="5414">אֶתֵּ֨ן</w>
          <w lemma="853">אֶתְ/כֶ֜ם</w>
          <w lemma="8034">לְ/שֵׁ֣ם</w>
          <w lemma="8416">וְ/לִ/תְהִלָּ֗ה</w>
          <w lemma="3605">בְּ/כֹל֙</w>
          <w lemma="5971">עַמֵּ֣י</w>
          <w lemma="776">הָ/אָ֔רֶץ</w>
          <w lemma="7725">בְּ/שׁוּבִ֧/י</w>
          <w lemma="853">אֶת</w><seg type="x-maqqef">־</seg><w lemma="7622">שְׁבוּתֵי/כֶ֛ם</w>
          <w lemma="5869">לְ/עֵינֵי/כֶ֖ם</w>
          <w lemma="559">אָמַ֥ר</w>
          <w lemma="3068">יְהוָֽה</w><seg type="x-sof-pasuq">׃</seg> 
        </verse>
      </chapter>
    </div>
  </osisText>
</osis>
